original_email_address,mail_provider,provider_domain_type,username_length,num_of_textual_tokens,first_name,first_name_length,has_dot,has_underscore,has_dash,has_capital_letters,number_numeric_tokens,numeric_token,length_of_numeric_token,possible_age,label
Elody_OConner51@gmail.com,gmail,com,15,2,elody,5,0,1,0,1,1,51,2,73,old
lily.long85@yahoo.com,yahoo,com,11,2,lily,4,1,0,0,0,1,85,2,39,medium
benjamin.phillips@hotmail.com,hotmail,com,17,2,benjamin,8,1,0,0,0,0,-1,0,-1,unsure
robert.walker@aol.com,aol,com,13,2,robert,6,1,0,0,0,0,-1,0,-1,unsure
samantha_turner1987@gmail.com,gmail,com,19,2,samantha,8,0,1,0,0,1,1987,4,37,medium
matthew7843@icloud.com,icloud,com,11,1,matthew,7,0,0,0,0,1,7843,4,-1,unsure
Jerrod_Considine79@yahoo.com,yahoo,com,18,2,jerrod,6,0,1,0,1,1,79,2,45,medium
Beverly_Renner@outlook.com,outlook,com,14,2,beverly,7,0,1,0,1,0,-1,0,-1,unsure
smith.kelly1996@aol.com,aol,com,15,2,smith,5,1,0,0,0,1,1996,4,28,young
michael.kane1986@hotmail.com,hotmail,com,16,2,michael,7,1,0,0,0,1,1986,4,38,medium
Dock_King@yahoo.com,yahoo,com,9,2,dock,4,0,1,0,1,0,-1,0,-1,unsure
Elmo_Weissnat@mail.com,mail,com,13,2,elmo,4,0,1,0,1,0,-1,0,-1,unsure
Nils_Pacocha24@tutanota.com,tutanota,com,14,2,nils,4,0,1,0,1,1,24,2,100,old
claire_harris9987@outlook.com,outlook,com,17,2,claire,6,0,1,0,0,1,9987,4,-1,unsure
Maiya.Huel47@aol.com,aol,com,12,2,maiya,5,1,0,0,1,1,47,2,77,old
zoe1983_barnes@aol.com,aol,com,14,2,zoe,3,0,1,0,0,1,1983,4,41,medium
Jaclyn.Littel@aol.com,aol,com,13,2,jaclyn,6,1,0,0,1,0,-1,0,-1,unsure
mary.green@yahoo.com,yahoo,com,10,2,mary,4,1,0,0,0,0,-1,0,-1,unsure
mandy.04@gmail.com,gmail,com,8,1,mandy,5,1,0,0,0,1,4,2,20,young
jessica.evans04@gmail.com,gmail,com,15,2,jessica,7,1,0,0,0,1,4,2,20,young
nathan.james95@outlook.com,outlook,com,14,2,nathan,6,1,0,0,0,1,95,2,29,young
Raina.OHara70@outlook.com,outlook,com,13,2,raina,5,1,0,0,1,1,70,2,54,old
luke_barnes2006@gmail.com,gmail,com,15,2,luke,4,0,1,0,0,1,2006,4,18,young
matthew.roberts@protonmail.com,protonmail,com,15,2,matthew,7,1,0,0,0,0,-1,0,-1,unsure
susan.brown@gmail.com,gmail,com,11,2,susan,5,1,0,0,0,0,-1,0,-1,unsure
natalie9872_smith@yahoo.com,yahoo,com,17,2,natalie,7,0,1,0,0,1,9872,4,-1,unsure
peter.ward@gmail.com,gmail,com,10,2,peter,5,1,0,0,0,0,-1,0,-1,unsure
rebecca.thomas@hotmail.com,hotmail,com,14,2,rebecca,7,1,0,0,0,0,-1,0,-1,unsure
carter85_burn@hotmail.com,hotmail,com,13,2,carter,6,0,1,0,0,1,85,2,39,medium
amanda78_flash@hotmail.com,hotmail,com,14,2,amanda,6,0,1,0,0,1,78,2,46,medium
Ernie88@icloud.com,icloud,com,7,1,ernie,5,0,0,0,1,1,88,2,36,medium
Kennedy.Schmidt59@gmail.com,gmail,com,17,2,kennedy,7,1,0,0,1,1,59,2,65,old
james1980_clark@gmail.com,gmail,com,15,2,james,5,0,1,0,0,1,1980,4,44,medium
Morris_Vandervort@gmail.com,gmail,com,17,2,morris,6,0,1,0,1,0,-1,0,-1,unsure
Ayden28@yahoo.com,yahoo,com,7,1,ayden,5,0,0,0,1,1,28,2,96,old
zoe_richards1995@gmail.com,gmail,com,16,2,zoe,3,0,1,0,0,1,1995,4,29,young
hailey1998_turner@gmail.com,gmail,com,17,2,hailey,6,0,1,0,0,1,1998,4,26,young
anna.harris@icloud.com,icloud,com,11,2,anna,4,1,0,0,0,0,-1,0,-1,unsure
david.roberts81@gmail.com,gmail,com,15,2,david,5,1,0,0,0,1,81,2,43,medium
Jose_Hayes62@mail.com,mail,com,12,2,jose,4,0,1,0,1,1,62,2,62,old
victoria_carter1984@yahoo.com,yahoo,com,19,2,victoria,8,0,1,0,0,1,1984,4,40,medium
robert.mitchell@gmail.com,gmail,com,15,2,robert,6,1,0,0,0,0,-1,0,-1,unsure
eliza.brooks1702@gmail.com,gmail,com,16,2,eliza,5,1,0,0,0,1,1702,4,-1,unsure
emily.wood1696@gmail.com,gmail,com,14,2,emily,5,1,0,0,0,1,1696,4,-1,unsure
alexis43_flare@gmail.com,gmail,com,14,2,alexis,6,0,1,0,0,1,43,2,81,old
Roel37@yahoo.com,yahoo,com,6,1,roel,4,0,0,0,1,1,37,2,87,old
david66_glow@hotmail.com,hotmail,com,12,2,david,5,0,1,0,0,1,66,2,58,old
madeline1986_ross@aol.com,aol,com,17,2,madeline,8,0,1,0,0,1,1986,4,38,medium
samantha1996_green@icloud.com,icloud,com,18,2,samantha,8,0,1,0,0,1,1996,4,28,young
madison1991_bell@outlook.com,outlook,com,16,2,madison,7,0,1,0,0,1,1991,4,33,medium
john.morris@gmail.com,gmail,com,11,2,john,4,1,0,0,0,0,-1,0,-1,unsure
Clement.Stamm37@gmail.com,gmail,com,15,2,clement,7,1,0,0,1,1,37,2,87,old
emma.johnson1999@outlook.com,outlook,com,16,2,emma,4,1,0,0,0,1,1999,4,25,young
Alanna.Bode-Altenwerth66@yahoo.com,yahoo,com,24,3,alanna,6,1,0,1,1,1,66,2,58,old
rebecca.scott@outlook.com,outlook,com,13,2,rebecca,7,1,0,0,0,0,-1,0,-1,unsure
Chanelle71@outlook.com,outlook,com,10,1,chanelle,8,0,0,0,1,1,71,2,53,old
logan_turner1998@outlook.com,outlook,com,16,2,logan,5,0,1,0,0,1,1998,4,26,young
emily.smith06@outlook.com,outlook,com,13,2,emily,5,1,0,0,0,1,6,2,18,young
kevin_2003thompson@gmail.com,gmail,com,18,2,kevin,5,0,1,0,0,1,2003,4,21,young
mark.smith2004@gmail.com,gmail,com,14,2,mark,4,1,0,0,0,1,2004,4,20,young
Kameron21@mail.com,mail,com,9,1,kameron,7,0,0,0,1,1,21,2,-1,unsure
thomas.hall@gmail.com,gmail,com,11,2,thomas,6,1,0,0,0,0,-1,0,-1,unsure
logan.turner98@outlook.com,outlook,com,14,2,logan,5,1,0,0,0,1,98,2,26,young
Joana.Zboncak@icloud.com,icloud,com,13,2,joana,5,1,0,0,1,0,-1,0,-1,unsure
rachel.perez45@icloud.com,icloud,com,14,2,rachel,6,1,0,0,0,1,45,2,79,old
Giovanni_Tremblay60@aol.com,aol,com,19,2,giovanni,8,0,1,0,1,1,60,2,64,old
megan.wilson21@hotmail.com,hotmail,com,14,2,megan,5,1,0,0,0,1,21,2,-1,unsure
rebecca.bryant@protonmail.com,protonmail,com,14,2,rebecca,7,1,0,0,0,0,-1,0,-1,unsure
Neal.McGlynn@gmail.com,gmail,com,12,2,neal,4,1,0,0,1,0,-1,0,-1,unsure
rachel11_flare@icloud.com,icloud,com,14,2,rachel,6,0,1,0,0,1,11,2,-1,unsure
david.roberts81@gmail.com,gmail,com,15,2,david,5,1,0,0,0,1,81,2,43,medium
Mekhi60@icloud.com,icloud,com,7,1,mekhi,5,0,0,0,1,1,60,2,64,old
Evan93@yahoo.com,yahoo,com,6,1,evan,4,0,0,0,1,1,93,2,31,medium
rachel.bailey1723@gmail.com,gmail,com,17,2,rachel,6,1,0,0,0,1,1723,4,-1,unsure
hannah_8764hill@icloud.com,icloud,com,15,2,hannah,6,0,1,0,0,1,8764,4,-1,unsure
sophia.jones03@gmail.com,gmail,com,14,2,sophia,6,1,0,0,0,1,3,2,21,young
elizabeth.roberts@hotmail.com,hotmail,com,17,2,elizabeth,9,1,0,0,0,0,-1,0,-1,unsure
Susan13@tutanota.com,tutanota,com,7,1,susan,5,0,0,0,1,1,13,2,-1,unsure
madeline.ross05@aol.com,aol,com,15,2,madeline,8,1,0,0,0,1,5,2,19,young
victoria_james2005@gmail.com,gmail,com,18,2,victoria,8,0,1,0,0,1,2005,4,19,young
Jaclyn_Cole@gmail.com,gmail,com,11,2,jaclyn,6,0,1,0,1,0,-1,0,-1,unsure
Shawn.Rowe58@tutanota.com,tutanota,com,12,2,shawn,5,1,0,0,1,1,58,2,66,old
logan_wright2003@gmail.com,gmail,com,16,2,logan,5,0,1,0,0,1,2003,4,21,young
thomas.jones@hotmail.com,hotmail,com,12,2,thomas,6,1,0,0,0,0,-1,0,-1,unsure
emma76_flash@gmail.com,gmail,com,12,2,emma,4,0,1,0,0,1,76,2,48,medium
nathan_martin2003@gmail.com,gmail,com,17,2,nathan,6,0,1,0,0,1,2003,4,21,young
Adaline.Mills@gmail.com,gmail,com,13,2,adaline,7,1,0,0,1,0,-1,0,-1,unsure
Zoie73@outlook.com,outlook,com,6,1,zoie,4,0,0,0,1,1,73,2,51,old
jacob_green2005@yahoo.com,yahoo,com,15,2,jacob,5,0,1,0,0,1,2005,4,19,young
sophia.adams@yahoo.com,yahoo,com,12,2,sophia,6,1,0,0,0,0,-1,0,-1,unsure
samuel.morgan@gmail.com,gmail,com,13,2,samuel,6,1,0,0,0,0,-1,0,-1,unsure
matthew.adams@protonmail.com,protonmail,com,13,2,matthew,7,1,0,0,0,0,-1,0,-1,unsure
Zita.Herman35@outlook.com,outlook,com,13,2,zita,4,1,0,0,1,1,35,2,89,old
Darrel_Roberts15@protonmail.com,protonmail,com,16,2,darrel,6,0,1,0,1,1,15,2,-1,unsure
Nathen.Boehm@protonmail.com,protonmail,com,12,2,nathen,6,1,0,0,1,0,-1,0,-1,unsure
lily.thompson57@aol.com,aol,com,15,2,lily,4,1,0,0,0,1,57,2,67,old
noah5563@yahoo.com,yahoo,com,8,1,noah,4,0,0,0,0,1,5563,4,-1,unsure
adam.henderson32@gmail.com,gmail,com,16,2,adam,4,1,0,0,0,1,32,2,92,old
andrew36_burn@hotmail.com,hotmail,com,13,2,andrew,6,0,1,0,0,1,36,2,88,old
Jayden48@mail.com,mail,com,8,1,jayden,6,0,0,0,1,1,48,2,76,old
Patrick.Johnston@aol.com,aol,com,16,2,patrick,7,1,0,0,1,0,-1,0,-1,unsure
Julien_Mayert51@aol.com,aol,com,15,2,julien,6,0,1,0,1,1,51,2,73,old
matthew.baker@hotmail.com,hotmail,com,13,2,matthew,7,1,0,0,0,0,-1,0,-1,unsure
Sofia64@mail.com,mail,com,7,1,sofia,5,0,0,0,1,1,64,2,60,old
Meredith_Hansen@gmail.com,gmail,com,15,2,meredith,8,0,1,0,1,0,-1,0,-1,unsure
2003_samuel_white@organization.org,organization,org,17,2,samuel,6,0,1,0,0,1,2003,4,21,young
amanda.king99@hotmail.com,hotmail,com,13,2,amanda,6,1,0,0,0,1,99,2,25,young
Nora_Turcotte@icloud.com,icloud,com,13,2,nora,4,0,1,0,1,0,-1,0,-1,unsure
Hailee_Kuhic58@aol.com,aol,com,14,2,hailee,6,0,1,0,1,1,58,2,66,old
daniel.taylor88@outlook.com,outlook,com,15,2,daniel,6,1,0,0,0,1,88,2,36,medium
Melody.OReilly32@tutanota.com,tutanota,com,16,2,melody,6,1,0,0,1,1,32,2,92,old
paul.baker@aol.com,aol,com,10,2,paul,4,1,0,0,0,0,-1,0,-1,unsure
Frank_Herzog@tutanota.com,tutanota,com,12,2,frank,5,0,1,0,1,0,-1,0,-1,unsure
michael_93.johnson@college.edu,college,edu,18,2,michael,7,1,1,0,0,1,93,2,31,medium
james21_shine@gmail.com,gmail,com,13,2,james,5,0,1,0,0,1,21,2,-1,unsure
madeline.ross05@aol.com,aol,com,15,2,madeline,8,1,0,0,0,1,5,2,19,young
Pansy17@protonmail.com,protonmail,com,7,1,pansy,5,0,0,0,1,1,17,2,-1,unsure
amanda_williams12356@icloud.com,icloud,com,20,2,amanda,6,0,1,0,0,1,12356,5,-1,unsure
david.clark@protonmail.com,protonmail,com,11,2,david,5,1,0,0,0,0,-1,0,-1,unsure
caleb.phillips67@icloud.com,icloud,com,16,2,caleb,5,1,0,0,0,1,67,2,57,old
1987_rachel.s@gmail.com,gmail,com,13,2,rachel,6,1,1,0,0,1,1987,4,37,medium
margaret.anderson1782@gmail.com,gmail,com,21,2,margaret,8,1,0,0,0,1,1782,4,-1,unsure
matthew.lewis@gmail.com,gmail,com,13,2,matthew,7,1,0,0,0,0,-1,0,-1,unsure
Carlie.Conroy@aol.com,aol,com,13,2,carlie,6,1,0,0,1,0,-1,0,-1,unsure
claire81_flicker@yahoo.com,yahoo,com,16,2,claire,6,0,1,0,0,1,81,2,43,medium
joshua.bell00@gmail.com,gmail,com,13,2,joshua,6,1,0,0,0,1,0,2,24,young
mason.watson04@hotmail.com,hotmail,com,14,2,mason,5,1,0,0,0,1,4,2,20,young
victoria_kelly2003@protonmail.com,protonmail,com,18,2,victoria,8,0,1,0,0,1,2003,4,21,young
jason.barnes90@gmail.com,gmail,com,14,2,jason,5,1,0,0,0,1,90,2,34,medium
simon.peters@hotmail.com,hotmail,com,12,2,simon,5,1,0,0,0,0,-1,0,-1,unsure
martha.young1792@gmail.com,gmail,com,16,2,martha,6,1,0,0,0,1,1792,4,-1,unsure
Nikolas54@outlook.com,outlook,com,9,1,nikolas,7,0,0,0,1,1,54,2,70,old
caleb78_bright@icloud.com,icloud,com,14,2,caleb,5,0,1,0,0,1,78,2,46,medium
james_jones10000@gmail.com,gmail,com,16,2,james,5,0,1,0,0,1,10000,5,-1,unsure
Carroll_Armstrong92@mail.com,mail,com,19,2,carroll,7,0,1,0,1,1,92,2,32,medium
Annabelle.Schaden-Jakubowski82@icloud.com,icloud,com,30,3,annabelle,9,1,0,1,1,1,82,2,42,medium
mary.james@icloud.com,icloud,com,10,2,mary,4,1,0,0,0,0,-1,0,-1,unsure
megan_wilson4321@hotmail.com,hotmail,com,16,2,megan,5,0,1,0,0,1,4321,4,-1,unsure
emily_clark.91@mail.service.com,mail.service,com,14,2,emily,5,1,1,0,0,1,91,2,33,medium
Kaleigh72@mail.com,mail,com,9,1,kaleigh,7,0,0,0,1,1,72,2,52,old
Jed_Gutmann-Heidenreich18@protonmail.com,protonmail,com,25,3,jed,3,0,1,1,1,1,18,2,-1,unsure
james.jones00@gmail.com,gmail,com,13,2,james,5,1,0,0,0,1,0,2,24,young
tyler_hayes1986@gmail.com,gmail,com,15,2,tyler,5,0,1,0,0,1,1986,4,38,medium
Claudia.Osinski-Pollich46@gmail.com,gmail,com,25,3,claudia,7,1,0,1,1,1,46,2,78,old
andrew.james64@hotmail.com,hotmail,com,14,2,andrew,6,1,0,0,0,1,64,2,60,old
logan_1095johnson@outlook.com,outlook,com,17,2,logan,5,0,1,0,0,1,1095,4,-1,unsure
Rhea.Gislason63@mail.com,mail,com,15,2,rhea,4,1,0,0,1,1,63,2,61,old
Gerson.Feest71@gmail.com,gmail,com,14,2,gerson,6,1,0,0,1,1,71,2,53,old
carter.james99@hotmail.com,hotmail,com,14,2,carter,6,1,0,0,0,1,99,2,25,young
Cali_Zieme24@aol.com,aol,com,12,2,cali,4,0,1,0,1,1,24,2,100,old
lily_thompson5678@aol.com,aol,com,17,2,lily,4,0,1,0,0,1,5678,4,-1,unsure
Julianne_Larkin39@yahoo.com,yahoo,com,17,2,julianne,8,0,1,0,1,1,39,2,85,old
stephanie.2002clark@gmail.com,gmail,com,19,2,stephanie,9,1,0,0,0,1,2002,4,22,young
laura.baker45@icloud.com,icloud,com,13,2,laura,5,1,0,0,0,1,45,2,79,old
robert23_spark@protonmail.com,protonmail,com,14,2,robert,6,0,1,0,0,1,23,2,-1,unsure
Jewell.Stark@aol.com,aol,com,12,2,jewell,6,1,0,0,1,0,-1,0,-1,unsure
Shyann_Herzog14@aol.com,aol,com,15,2,shyann,6,0,1,0,1,1,14,2,-1,unsure
megan_patel1994@gmail.com,gmail,com,15,2,megan,5,0,1,0,0,1,1994,4,30,medium
ethan_bell1988@gmail.com,gmail,com,14,2,ethan,5,0,1,0,0,1,1988,4,36,medium
ryan_watson2001@hotmail.com,hotmail,com,15,2,ryan,4,0,1,0,0,1,2001,4,23,young
christopher89_bell@sub.company.com,sub.company,com,18,2,christopher,11,0,1,0,0,1,89,2,35,medium
Shaniya11@gmail.com,gmail,com,9,1,shaniya,7,0,0,0,1,1,11,2,-1,unsure
Aurore29@tutanota.com,tutanota,com,8,1,aurore,6,0,0,0,1,1,29,2,95,old
matthew.hill1802@gmail.com,gmail,com,16,2,matthew,7,1,0,0,0,1,1802,4,-1,unsure
Jordi_Aufderhar56@gmail.com,gmail,com,17,2,jordi,5,0,1,0,1,1,56,2,68,old
caleb.phillips67@icloud.com,icloud,com,16,2,caleb,5,1,0,0,0,1,67,2,57,old
tyler.hayes86@gmail.com,gmail,com,13,2,tyler,5,1,0,0,0,1,86,2,38,medium
Cayla82@tutanota.com,tutanota,com,7,1,cayla,5,0,0,0,1,1,82,2,42,medium
zoe_bryant43219@aol.com,aol,com,15,2,zoe,3,0,1,0,0,1,43219,5,-1,unsure
Heaven8@yahoo.com,yahoo,com,7,1,heaven,6,0,0,0,1,1,8,1,-1,unsure
Tyler_Walter@gmail.com,gmail,com,12,2,tyler,5,0,1,0,1,0,-1,0,-1,unsure
ryan.watson01@hotmail.com,hotmail,com,13,2,ryan,4,1,0,0,0,1,1,2,23,young
david_2000@aol.com,aol,com,10,1,david,5,0,1,0,0,1,2000,4,24,young
Johnpaul.Robel68@tutanota.com,tutanota,com,16,2,johnpaul,8,1,0,0,1,1,68,2,56,old
alice_3890.brown@company.co.uk,company.co,uk,16,2,alice,5,1,1,0,0,1,3890,4,-1,unsure
hailey_price1239@protonmail.com,protonmail,com,16,2,hailey,6,0,1,0,0,1,1239,4,-1,unsure
rachel_evans2006@gmail.com,gmail,com,16,2,rachel,6,0,1,0,0,1,2006,4,18,young
chris_lee8769@hotmail.com,hotmail,com,13,2,chris,5,0,1,0,0,1,8769,4,-1,unsure
Napoleon_Braun@protonmail.com,protonmail,com,14,2,napoleon,8,0,1,0,1,0,-1,0,-1,unsure
olivia24_flash@gmail.com,gmail,com,14,2,olivia,6,0,1,0,0,1,24,2,100,old
mary.bryant@outlook.com,outlook,com,11,2,mary,4,1,0,0,0,0,-1,0,-1,unsure
Dangelo.Gorczany30@aol.com,aol,com,18,2,dangelo,7,1,0,0,1,1,30,2,94,old
Gianni72@outlook.com,outlook,com,8,1,gianni,6,0,0,0,1,1,72,2,52,old
henry.thomas1693@gmail.com,gmail,com,16,2,henry,5,1,0,0,0,1,1693,4,-1,unsure
lucy.green1749@gmail.com,gmail,com,14,2,lucy,4,1,0,0,0,1,1749,4,-1,unsure
david.thomas@gmail.com,gmail,com,12,2,david,5,1,0,0,0,0,-1,0,-1,unsure
anna.hall87@yahoo.com,yahoo,com,11,2,anna,4,1,0,0,0,1,87,2,37,medium
Dejuan_Herzog47@icloud.com,icloud,com,15,2,dejuan,6,0,1,0,1,1,47,2,77,old
olivia.smith999@yahoo.com,yahoo,com,15,2,olivia,6,1,0,0,0,1,999,3,-1,unsure
Alanna.Connelly84@outlook.com,outlook,com,17,2,alanna,6,1,0,0,1,1,84,2,40,medium
Queenie55@gmail.com,gmail,com,9,1,queenie,7,0,0,0,1,1,55,2,69,old
hailey.sanders67@gmail.com,gmail,com,16,2,hailey,6,1,0,0,0,1,67,2,57,old
joshua_carter1980@gmail.com,gmail,com,17,2,joshua,6,0,1,0,0,1,1980,4,44,medium
james.walker@outlook.com,outlook,com,12,2,james,5,1,0,0,0,0,-1,0,-1,unsure
Cassandra_Flatley54@gmail.com,gmail,com,19,2,cassandra,9,0,1,0,1,1,54,2,70,old
william.green@aol.com,aol,com,13,2,william,7,1,0,0,0,0,-1,0,-1,unsure
nathan.brooks@icloud.com,icloud,com,13,2,nathan,6,1,0,0,0,0,-1,0,-1,unsure
Delphine8@tutanota.com,tutanota,com,9,1,delphine,8,0,0,0,1,1,8,1,-1,unsure
Adela_Mertz@mail.com,mail,com,11,2,adela,5,0,1,0,1,0,-1,0,-1,unsure
alexis.cooper92@gmail.com,gmail,com,15,2,alexis,6,1,0,0,0,1,92,2,32,medium
jason_brown1985@gmail.com,gmail,com,15,2,jason,5,0,1,0,0,1,1985,4,39,medium
amelia.simmons@yahoo.com,yahoo,com,14,2,amelia,6,1,0,0,0,0,-1,0,-1,unsure
Jonatan.Kassulke@gmail.com,gmail,com,16,2,jonatan,7,1,0,0,1,0,-1,0,-1,unsure
ben_4561doe@gmail.com,gmail,com,11,2,ben,3,0,1,0,0,1,4561,4,-1,unsure
jason.barnes90@gmail.com,gmail,com,14,2,jason,5,1,0,0,0,1,90,2,34,medium
laura1990_davis@gmail.com,gmail,com,15,2,laura,5,0,1,0,0,1,1990,4,34,medium
Oleta44@protonmail.com,protonmail,com,7,1,oleta,5,0,0,0,1,1,44,2,80,old
olivia2003_clark@hotmail.com,hotmail,com,16,2,olivia,6,0,1,0,0,1,2003,4,21,young
anna1999@outlook.com,outlook,com,8,1,anna,4,0,0,0,0,1,1999,4,25,young
rachel.perez45@icloud.com,icloud,com,14,2,rachel,6,1,0,0,0,1,45,2,79,old
Juston81@outlook.com,outlook,com,8,1,juston,6,0,0,0,1,1,81,2,43,medium
Percy92@protonmail.com,protonmail,com,7,1,percy,5,0,0,0,1,1,92,2,32,medium
Markus.Goldner41@gmail.com,gmail,com,16,2,markus,6,1,0,0,1,1,41,2,83,old
daniel_scott1980@outlook.com,outlook,com,16,2,daniel,6,0,1,0,0,1,1980,4,44,medium
Adelle_Rolfson24@gmail.com,gmail,com,16,2,adelle,6,0,1,0,1,1,24,2,100,old
catherine.allen@icloud.com,icloud,com,15,2,catherine,9,1,0,0,0,0,-1,0,-1,unsure
Janae99@gmail.com,gmail,com,7,1,janae,5,0,0,0,1,1,99,2,25,young
edward.walker1756@gmail.com,gmail,com,17,2,edward,6,1,0,0,0,1,1756,4,-1,unsure
laura88_smith@yahoo.com,yahoo,com,13,2,laura,5,0,1,0,0,1,88,2,36,medium
Gerson_Larson99@gmail.com,gmail,com,15,2,gerson,6,0,1,0,1,1,99,2,25,young
Marianna_Pfeffer@gmail.com,gmail,com,16,2,marianna,8,0,1,0,1,0,-1,0,-1,unsure
Zackery_Rippin91@gmail.com,gmail,com,16,2,zackery,7,0,1,0,1,1,91,2,33,medium
Moshe_Hilpert@tutanota.com,tutanota,com,13,2,moshe,5,0,1,0,1,0,-1,0,-1,unsure
eliza.jackson@hotmail.com,hotmail,com,13,2,eliza,5,1,0,0,0,0,-1,0,-1,unsure
abigail_cook1992@gmail.com,gmail,com,16,2,abigail,7,0,1,0,0,1,1992,4,32,medium
john.doe1990@sub.domain.com,sub.domain,com,12,2,john,4,1,0,0,0,1,1990,4,34,medium
robert_white1990@gmail.com,gmail,com,16,2,robert,6,0,1,0,0,1,1990,4,34,medium
sophia87_blaze@outlook.com,outlook,com,14,2,sophia,6,0,1,0,0,1,87,2,37,medium
kevin57_flame@outlook.com,outlook,com,13,2,kevin,5,0,1,0,0,1,57,2,67,old
sophia.jones03@gmail.com,gmail,com,14,2,sophia,6,1,0,0,0,1,3,2,21,young
hailey88_flame@protonmail.com,protonmail,com,14,2,hailey,6,0,1,0,0,1,88,2,36,medium
Julien80@tutanota.com,tutanota,com,8,1,julien,6,0,0,0,1,1,80,2,44,medium
Gretchen.Nikolaus33@gmail.com,gmail,com,19,2,gretchen,8,1,0,0,1,1,33,2,91,old
emily_smith2006@outlook.com,outlook,com,15,2,emily,5,0,1,0,0,1,2006,4,18,young
Olaf_Marks64@gmail.com,gmail,com,12,2,olaf,4,0,1,0,1,1,64,2,60,old
peter.jackson@aol.com,aol,com,13,2,peter,5,1,0,0,0,0,-1,0,-1,unsure
simon.ward@protonmail.com,protonmail,com,10,2,simon,5,1,0,0,0,0,-1,0,-1,unsure
Buck.Mohr@gmail.com,gmail,com,9,2,buck,4,1,0,0,1,0,-1,0,-1,unsure
Carolina.Zieme66@aol.com,aol,com,16,2,carolina,8,1,0,0,1,1,66,2,58,old
daniel1998_scott@outlook.com,outlook,com,16,2,daniel,6,0,1,0,0,1,1998,4,26,young
zoe7548_anderson@protonmail.com,protonmail,com,16,2,zoe,3,0,1,0,0,1,7548,4,-1,unsure
daniel.scott80@outlook.com,outlook,com,14,2,daniel,6,1,0,0,0,1,80,2,44,medium
Frances.Zulauf@gmail.com,gmail,com,14,2,frances,7,1,0,0,1,0,-1,0,-1,unsure
Percy92@protonmail.com,protonmail,com,7,1,percy,5,0,0,0,1,1,92,2,32,medium
hannah.james1741@gmail.com,gmail,com,16,2,hannah,6,1,0,0,0,1,1741,4,-1,unsure
chloe872_flare@gmail.com,gmail,com,14,2,chloe,5,0,1,0,0,1,872,3,-1,unsure
susan.young@gmail.com,gmail,com,11,2,susan,5,1,0,0,0,0,-1,0,-1,unsure
dylan1990_richards@gmail.com,gmail,com,18,2,dylan,5,0,1,0,0,1,1990,4,34,medium
andrew1994_turner@hotmail.com,hotmail,com,17,2,andrew,6,0,1,0,0,1,1994,4,30,medium
elijah_6230@gmail.com,gmail,com,11,1,elijah,6,0,1,0,0,1,6230,4,-1,unsure
mason_watson2004@hotmail.com,hotmail,com,16,2,mason,5,0,1,0,0,1,2004,4,20,young
Bertha.Vandervort54@outlook.com,outlook,com,19,2,bertha,6,1,0,0,1,1,54,2,70,old
daniel_king1998@gmail.com,gmail,com,15,2,daniel,6,0,1,0,0,1,1998,4,26,young
Kamryn59@icloud.com,icloud,com,8,1,kamryn,6,0,0,0,1,1,59,2,65,old
Maud.Satterfield@gmail.com,gmail,com,16,2,maud,4,1,0,0,1,0,-1,0,-1,unsure
emma.walker@icloud.com,icloud,com,11,2,emma,4,1,0,0,0,0,-1,0,-1,unsure
mary.jones@outlook.com,outlook,com,10,2,mary,4,1,0,0,0,0,-1,0,-1,unsure
nancy.baker@outlook.com,outlook,com,11,2,nancy,5,1,0,0,0,0,-1,0,-1,unsure
daniel_taylor1988@outlook.com,outlook,com,17,2,daniel,6,0,1,0,0,1,1988,4,36,medium
Nestor.Hahn52@gmail.com,gmail,com,13,2,nestor,6,1,0,0,1,1,52,2,72,old
sophia.brown1684@gmail.com,gmail,com,16,2,sophia,6,1,0,0,0,1,1684,4,-1,unsure
Joel32@outlook.com,outlook,com,6,1,joel,4,0,0,0,1,1,32,2,92,old
Domenic_Hudson95@gmail.com,gmail,com,16,2,domenic,7,0,1,0,1,1,95,2,29,young
david2097@hotmail.com,hotmail,com,9,1,david,5,0,0,0,0,1,2097,4,-1,unsure
Lamont37@gmail.com,gmail,com,8,1,lamont,6,0,0,0,1,1,37,2,87,old
ethan.white02@protonmail.com,protonmail,com,13,2,ethan,5,1,0,0,0,1,2,2,22,young
Cheyanne.Rippin@aol.com,aol,com,15,2,cheyanne,8,1,0,0,1,0,-1,0,-1,unsure
Darrel_Roberts15@protonmail.com,protonmail,com,16,2,darrel,6,0,1,0,1,1,15,2,-1,unsure
edward.king@protonmail.com,protonmail,com,11,2,edward,6,1,0,0,0,0,-1,0,-1,unsure
nathan.martin04@gmail.com,gmail,com,15,2,nathan,6,1,0,0,0,1,4,2,20,young
daniel.wood@outlook.com,outlook,com,11,2,daniel,6,1,0,0,0,0,-1,0,-1,unsure
Sunny_Nader@yahoo.com,yahoo,com,11,2,sunny,5,0,1,0,1,0,-1,0,-1,unsure
Erling_Runolfsdottir@outlook.com,outlook,com,20,2,erling,6,0,1,0,1,0,-1,0,-1,unsure
adam2004_henderson@gmail.com,gmail,com,18,2,adam,4,0,1,0,0,1,2004,4,20,young
alice.bell@hotmail.com,hotmail,com,10,2,alice,5,1,0,0,0,0,-1,0,-1,unsure
ethan_hughes1001@protonmail.com,protonmail,com,16,2,ethan,5,0,1,0,0,1,1001,4,-1,unsure
lily3456@protonmail.com,protonmail,com,8,1,lily,4,0,0,0,0,1,3456,4,-1,unsure
Reggie_Greenholt34@gmail.com,gmail,com,18,2,reggie,6,0,1,0,1,1,34,2,90,old
Blanche44@outlook.com,outlook,com,9,1,blanche,7,0,0,0,1,1,44,2,80,old
eliza.thomas@outlook.com,outlook,com,12,2,eliza,5,1,0,0,0,0,-1,0,-1,unsure
Linnie78@mail.com,mail,com,8,1,linnie,6,0,0,0,1,1,78,2,46,medium
john_smith@yahoo.com,yahoo,com,10,2,john,4,0,1,0,0,0,-1,0,-1,unsure
david.young@icloud.com,icloud,com,11,2,david,5,1,0,0,0,0,-1,0,-1,unsure
adam.henderson32@gmail.com,gmail,com,16,2,adam,4,1,0,0,0,1,32,2,92,old
Carolanne33@aol.com,aol,com,11,1,carolanne,9,0,0,0,1,1,33,2,91,old
ethan_9931@gmail.com,gmail,com,10,1,ethan,5,0,1,0,0,1,9931,4,-1,unsure
Monserrat_Kautzer@gmail.com,gmail,com,17,2,monserrat,9,0,1,0,1,0,-1,0,-1,unsure
Lysanne.Cormier@aol.com,aol,com,15,2,lysanne,7,1,0,0,1,0,-1,0,-1,unsure
simon.murphy1687@gmail.com,gmail,com,16,2,simon,5,1,0,0,0,1,1687,4,-1,unsure
Selmer35@aol.com,aol,com,8,1,selmer,6,0,0,0,1,1,35,2,89,old
Evalyn.Lehner0@yahoo.com,yahoo,com,14,2,evalyn,6,1,0,0,1,1,0,1,-1,unsure
zoe.bryant19@aol.com,aol,com,12,2,zoe,3,1,0,0,0,1,19,2,-1,unsure
Marta_Sanford93@tutanota.com,tutanota,com,15,2,marta,5,0,1,0,1,1,93,2,31,medium
jason99_lee@gmail.com,gmail,com,11,2,jason,5,0,1,0,0,1,99,2,25,young
lily64_gleam@yahoo.com,yahoo,com,12,2,lily,4,0,1,0,0,1,64,2,60,old
Catalina_Grady5@tutanota.com,tutanota,com,15,2,catalina,8,0,1,0,1,1,5,1,-1,unsure
Jeramie_Denesik98@yahoo.com,yahoo,com,17,2,jeramie,7,0,1,0,1,1,98,2,26,young
Jaiden60@gmail.com,gmail,com,8,1,jaiden,6,0,0,0,1,1,60,2,64,old
Marilyne.Crist@mail.com,mail,com,14,2,marilyne,8,1,0,0,1,0,-1,0,-1,unsure
james.wright@gmail.com,gmail,com,12,2,james,5,1,0,0,0,0,-1,0,-1,unsure
nathan31_flare@aol.com,aol,com,14,2,nathan,6,0,1,0,0,1,31,2,93,old
Rachelle.Hane97@mail.com,mail,com,15,2,rachelle,8,1,0,0,1,1,97,2,27,young
Reba_Robel62@mail.com,mail,com,12,2,reba,4,0,1,0,1,1,62,2,62,old
emily.smith06@outlook.com,outlook,com,13,2,emily,5,1,0,0,0,1,6,2,18,young
Stephania.Fisher91@gmail.com,gmail,com,18,2,stephania,9,1,0,0,1,1,91,2,33,medium
Stanton.Turcotte@aol.com,aol,com,16,2,stanton,7,1,0,0,1,0,-1,0,-1,unsure
lucy.brown@yahoo.com,yahoo,com,10,2,lucy,4,1,0,0,0,0,-1,0,-1,unsure
Kasandra_Mayert56@aol.com,aol,com,17,2,kasandra,8,0,1,0,1,1,56,2,68,old
Amira4@yahoo.com,yahoo,com,6,1,amira,5,0,0,0,1,1,4,1,-1,unsure
sarah.wright1717@gmail.com,gmail,com,16,2,sarah,5,1,0,0,0,1,1717,4,-1,unsure
catherine.davis@hotmail.com,hotmail,com,15,2,catherine,9,1,0,0,0,0,-1,0,-1,unsure
jacob.green05@yahoo.com,yahoo,com,13,2,jacob,5,1,0,0,0,1,5,2,19,young
Connie_Haley@gmail.com,gmail,com,12,2,connie,6,0,1,0,1,0,-1,0,-1,unsure
Asia_Stark26@protonmail.com,protonmail,com,12,2,asia,4,0,1,0,1,1,26,2,98,old
Camille36@aol.com,aol,com,9,1,camille,7,0,0,0,1,1,36,2,88,old
paul.cook@icloud.com,icloud,com,9,2,paul,4,1,0,0,0,0,-1,0,-1,unsure
Jammie.Hartmann50@icloud.com,icloud,com,17,2,jammie,6,1,0,0,1,1,50,2,74,old
ethan1995_white@yahoo.com,yahoo,com,15,2,ethan,5,0,1,0,0,1,1995,4,29,young
Florida14@gmail.com,gmail,com,9,1,florida,7,0,0,0,1,1,14,2,-1,unsure
Wiley75@aol.com,aol,com,7,1,wiley,5,0,0,0,1,1,75,2,49,medium
Saige.Conroy-Raynor62@gmail.com,gmail,com,21,3,saige,5,1,0,1,1,1,62,2,62,old
Winona89@outlook.com,outlook,com,8,1,winona,6,0,0,0,1,1,89,2,35,medium
olivia.brown2001@yahoo.com,yahoo,com,16,2,olivia,6,1,0,0,0,1,2001,4,23,young
Cecilia_Gottlieb@yahoo.com,yahoo,com,16,2,cecilia,7,0,1,0,1,0,-1,0,-1,unsure
eliza.howard@gmail.com,gmail,com,12,2,eliza,5,1,0,0,0,0,-1,0,-1,unsure
Quincy_Mayert@aol.com,aol,com,13,2,quincy,6,0,1,0,1,0,-1,0,-1,unsure
victoria.carter84@yahoo.com,yahoo,com,17,2,victoria,8,1,0,0,0,1,84,2,40,medium
Santina_Stark68@protonmail.com,protonmail,com,15,2,santina,7,0,1,0,1,1,68,2,56,old
sophia_scott1999@gmail.com,gmail,com,16,2,sophia,6,0,1,0,0,1,1999,4,25,young
nancy.bryant1797@gmail.com,gmail,com,16,2,nancy,5,1,0,0,0,1,1797,4,-1,unsure
william.johnson@outlook.com,outlook,com,15,2,william,7,1,0,0,0,0,-1,0,-1,unsure
Freddie_Marvin@gmail.com,gmail,com,14,2,freddie,7,0,1,0,1,0,-1,0,-1,unsure
Douglas74@gmail.com,gmail,com,9,1,douglas,7,0,0,0,1,1,74,2,50,old
Julio_Jaskolski@tutanota.com,tutanota,com,15,2,julio,5,0,1,0,1,0,-1,0,-1,unsure
emma.clark76@icloud.com,icloud,com,12,2,emma,4,1,0,0,0,1,76,2,48,medium
Eva35@protonmail.com,protonmail,com,5,1,eva,3,0,0,0,1,1,35,2,89,old
amanda.king99@hotmail.com,hotmail,com,13,2,amanda,6,1,0,0,0,1,99,2,25,young
Meredith_Stracke7@aol.com,aol,com,17,2,meredith,8,0,1,0,1,1,7,1,-1,unsure
george.taylor1811@gmail.com,gmail,com,17,2,george,6,1,0,0,0,1,1811,4,-1,unsure
Anais_Hoppe15@mail.com,mail,com,13,2,anais,5,0,1,0,1,1,15,2,-1,unsure
Hertha_VonRueden@aol.com,aol,com,16,2,hertha,6,0,1,0,1,0,-1,0,-1,unsure
carter1988_james@hotmail.com,hotmail,com,16,2,carter,6,0,1,0,0,1,1988,4,36,medium
sarah.green89@icloud.com,icloud,com,13,2,sarah,5,1,0,0,0,1,89,2,35,medium
Oran_Zemlak39@gmail.com,gmail,com,13,2,oran,4,0,1,0,1,1,39,2,85,old
logan_brooks87612@gmail.com,gmail,com,17,2,logan,5,0,1,0,0,1,87612,5,-1,unsure
jessica_walker1993@gmail.com,gmail,com,18,2,jessica,7,0,1,0,0,1,1993,4,31,medium
amanda.williams56@icloud.com,icloud,com,17,2,amanda,6,1,0,0,0,1,56,2,68,old
Charity6@protonmail.com,protonmail,com,8,1,charity,7,0,0,0,1,1,6,1,-1,unsure
Kiarra_Hand60@mail.com,mail,com,13,2,kiarra,6,0,1,0,1,1,60,2,64,old
mark_1995johnson@outlook.com,outlook,com,16,2,mark,4,0,1,0,0,1,1995,4,29,young
elizabeth.thomas@outlook.com,outlook,com,16,2,elizabeth,9,1,0,0,0,0,-1,0,-1,unsure
james.jones@yahoo.com,yahoo,com,11,2,james,5,1,0,0,0,0,-1,0,-1,unsure
3356_johnson.jane@gmail.com,gmail,com,17,2,johnson,7,1,1,0,0,1,3356,4,-1,unsure
daniel2001_martin@icloud.com,icloud,com,17,2,daniel,6,0,1,0,0,1,2001,4,23,young
emma.king@icloud.com,icloud,com,9,2,emma,4,1,0,0,0,0,-1,0,-1,unsure
Demario_Fisher47@mail.com,mail,com,16,2,demario,7,0,1,0,1,1,47,2,77,old
rebecca.moore@icloud.com,icloud,com,13,2,rebecca,7,1,0,0,0,0,-1,0,-1,unsure
Aglae64@protonmail.com,protonmail,com,7,1,aglae,5,0,0,0,1,1,64,2,60,old
stephen.morris@yahoo.com,yahoo,com,14,2,stephen,7,1,0,0,0,0,-1,0,-1,unsure
Etha_Simonis@gmail.com,gmail,com,12,2,etha,4,0,1,0,1,0,-1,0,-1,unsure
logan.brooks12@gmail.com,gmail,com,14,2,logan,5,1,0,0,0,1,12,2,-1,unsure
Heber_Brakus50@tutanota.com,tutanota,com,14,2,heber,5,0,1,0,1,1,50,2,74,old
mary.cook@outlook.com,outlook,com,9,2,mary,4,1,0,0,0,0,-1,0,-1,unsure
lily.green2000@hotmail.com,hotmail,com,14,2,lily,4,1,0,0,0,1,2000,4,24,young
sam.kelly7765@aol.com,aol,com,13,2,sam,3,1,0,0,0,1,7765,4,-1,unsure
dylan49_shine@gmail.com,gmail,com,13,2,dylan,5,0,1,0,0,1,49,2,75,old
Birdie_Kuvalis89@outlook.com,outlook,com,16,2,birdie,6,0,1,0,1,1,89,2,35,medium
mason.watson04@hotmail.com,hotmail,com,14,2,mason,5,1,0,0,0,1,4,2,20,young
hailey.price39@protonmail.com,protonmail,com,14,2,hailey,6,1,0,0,0,1,39,2,85,old
sophia.brown@hotmail.com,hotmail,com,12,2,sophia,6,1,0,0,0,0,-1,0,-1,unsure
2001_johnson.jane@gmail.com,gmail,com,17,2,johnson,7,1,1,0,0,1,2001,4,23,young
Blanche.Predovic@yahoo.com,yahoo,com,16,2,blanche,7,1,0,0,1,0,-1,0,-1,unsure
Loyal_Kuhic@gmail.com,gmail,com,11,2,loyal,5,0,1,0,1,0,-1,0,-1,unsure
jane_doe1989@gmail.com,gmail,com,12,2,jane,4,0,1,0,0,1,1989,4,35,medium
kevin.sanders89@gmail.com,gmail,com,15,2,kevin,5,1,0,0,0,1,89,2,35,medium
rachel5551_b@outlook.com,outlook,com,12,2,rachel,6,0,1,0,0,1,5551,4,-1,unsure
henry.wright@protonmail.com,protonmail,com,12,2,henry,5,1,0,0,0,0,-1,0,-1,unsure
michael.cook@hotmail.com,hotmail,com,12,2,michael,7,1,0,0,0,0,-1,0,-1,unsure
Estelle80@yahoo.com,yahoo,com,9,1,estelle,7,0,0,0,1,1,80,2,44,medium
laura.walker@protonmail.com,protonmail,com,12,2,laura,5,1,0,0,0,0,-1,0,-1,unsure
emma_clark1234@icloud.com,icloud,com,14,2,emma,4,0,1,0,0,1,1234,4,-1,unsure
mason_hayes2000@gmail.com,gmail,com,15,2,mason,5,0,1,0,0,1,2000,4,24,young
joshua1981_ward@gmail.com,gmail,com,15,2,joshua,6,0,1,0,0,1,1981,4,43,medium
Macey29@gmail.com,gmail,com,7,1,macey,5,0,0,0,1,1,29,2,95,old
Faye_Carter81@icloud.com,icloud,com,13,2,faye,4,0,1,0,1,1,81,2,43,medium
Maxime.Brown93@mail.com,mail,com,14,2,maxime,6,1,0,0,1,1,93,2,31,medium
nathan_roberts1991@gmail.com,gmail,com,18,2,nathan,6,0,1,0,0,1,1991,4,33,medium
laura_taylor1995@gmail.com,gmail,com,16,2,laura,5,0,1,0,0,1,1995,4,29,young
chris_harris2002@gmail.com,gmail,com,16,2,chris,5,0,1,0,0,1,2002,4,22,young
kevin_sanders1989@gmail.com,gmail,com,17,2,kevin,5,0,1,0,0,1,1989,4,35,medium
Gerry.Fisher@protonmail.com,protonmail,com,12,2,gerry,5,1,0,0,1,0,-1,0,-1,unsure
aiden_miller8974@gmail.com,gmail,com,16,2,aiden,5,0,1,0,0,1,8974,4,-1,unsure
daniel97_flare@outlook.com,outlook,com,14,2,daniel,6,0,1,0,0,1,97,2,27,young
katherine.hill@outlook.com,outlook,com,14,2,katherine,9,1,0,0,0,0,-1,0,-1,unsure
william.miller@icloud.com,icloud,com,14,2,william,7,1,0,0,0,0,-1,0,-1,unsure
Gregorio.Gusikowski@gmail.com,gmail,com,19,2,gregorio,8,1,0,0,1,0,-1,0,-1,unsure
David.Brakus7@mail.com,mail,com,13,2,david,5,1,0,0,1,1,7,1,-1,unsure
andrew_baker1996@gmail.com,gmail,com,16,2,andrew,6,0,1,0,0,1,1996,4,28,young
Kurtis.Towne@yahoo.com,yahoo,com,12,2,kurtis,6,1,0,0,1,0,-1,0,-1,unsure
Pietro2@mail.com,mail,com,7,1,pietro,6,0,0,0,1,1,2,1,-1,unsure
madeline_ross2005@aol.com,aol,com,17,2,madeline,8,0,1,0,0,1,2005,4,19,young
david.mitchell@gmail.com,gmail,com,14,2,david,5,1,0,0,0,0,-1,0,-1,unsure
Oral.Lind28@gmail.com,gmail,com,11,2,oral,4,1,0,0,1,1,28,2,96,old
alex97@gmail.com,gmail,com,6,1,alex,4,0,0,0,0,1,97,2,27,young
Ima56@aol.com,aol,com,5,1,ima,3,0,0,0,1,1,56,2,68,old
john.jones@hotmail.com,hotmail,com,10,2,john,4,1,0,0,0,0,-1,0,-1,unsure
robert.turner54@protonmail.com,protonmail,com,15,2,robert,6,1,0,0,0,1,54,2,70,old
rebecca.evans@protonmail.com,protonmail,com,13,2,rebecca,7,1,0,0,0,0,-1,0,-1,unsure
Joanne.Hickle91@mail.com,mail,com,15,2,joanne,6,1,0,0,1,1,91,2,33,medium
arthur99_archi@gmail.com,gmail,com,14,2,arthur,6,0,1,0,0,1,99,2,25,young
Elisha.Grant93@protonmail.com,protonmail,com,14,2,elisha,6,1,0,0,1,1,93,2,31,medium
adam_henderson5432@gmail.com,gmail,com,18,2,adam,4,0,1,0,0,1,5432,4,-1,unsure
Murray_Waters@protonmail.com,protonmail,com,13,2,murray,6,0,1,0,1,0,-1,0,-1,unsure
robert2002_harris@protonmail.com,protonmail,com,17,2,robert,6,0,1,0,0,1,2002,4,22,young
jason1985_davis@yahoo.com,yahoo,com,15,2,jason,5,0,1,0,0,1,1985,4,39,medium
Bonnie5@gmail.com,gmail,com,7,1,bonnie,6,0,0,0,1,1,5,1,-1,unsure
george.thomas@hotmail.com,hotmail,com,13,2,george,6,1,0,0,0,0,-1,0,-1,unsure
alice.carter1653@gmail.com,gmail,com,16,2,alice,5,1,0,0,0,1,1653,4,-1,unsure
sarah_smith2001@gmail.com,gmail,com,15,2,sarah,5,0,1,0,0,1,2001,4,23,young
amanda_ward1999@gmail.com,gmail,com,15,2,amanda,6,0,1,0,0,1,1999,4,25,young
mark_sanders1999@gmail.com,gmail,com,16,2,mark,4,0,1,0,0,1,1999,4,25,young
Emmet_Moen37@aol.com,aol,com,12,2,emmet,5,0,1,0,1,1,37,2,87,old
Rod.Ferry@mail.com,mail,com,9,2,rod,3,1,0,0,1,0,-1,0,-1,unsure
eliza.miller@outlook.com,outlook,com,12,2,eliza,5,1,0,0,0,0,-1,0,-1,unsure
kevin1988_morris@outlook.com,outlook,com,16,2,kevin,5,0,1,0,0,1,1988,4,36,medium
claire1984_hall@yahoo.com,yahoo,com,15,2,claire,6,0,1,0,0,1,1984,4,40,medium
Genevieve_Sawayn-Kunde79@gmail.com,gmail,com,24,3,genevieve,9,0,1,1,1,1,79,2,45,medium
patrick.morgan@hotmail.com,hotmail,com,14,2,patrick,7,1,0,0,0,0,-1,0,-1,unsure
sophia1999_adams@outlook.com,outlook,com,16,2,sophia,6,0,1,0,0,1,1999,4,25,young
matthew.davis01@hotmail.com,hotmail,com,15,2,matthew,7,1,0,0,0,1,1,2,23,young
Rey.Weber44@gmail.com,gmail,com,11,2,rey,3,1,0,0,1,1,44,2,80,old
jessica45_blaze@gmail.com,gmail,com,15,2,jessica,7,0,1,0,0,1,45,2,79,old
Aron42@mail.com,mail,com,6,1,aron,4,0,0,0,1,1,42,2,82,old
jacob.green05@yahoo.com,yahoo,com,13,2,jacob,5,1,0,0,0,1,5,2,19,young
Reva79@gmail.com,gmail,com,6,1,reva,4,0,0,0,1,1,79,2,45,medium
olivia23_fire@hotmail.com,hotmail,com,13,2,olivia,6,0,1,0,0,1,23,2,-1,unsure
9087_steve.s@gmail.com,gmail,com,12,2,steve,5,1,1,0,0,1,9087,4,-1,unsure
Faye.Rowe25@protonmail.com,protonmail,com,11,2,faye,4,1,0,0,1,1,25,2,99,old
Freddy.Green@aol.com,aol,com,12,2,freddy,6,1,0,0,1,0,-1,0,-1,unsure
Paula_Rogahn56@tutanota.com,tutanota,com,14,2,paula,5,0,1,0,1,1,56,2,68,old
Hosea59@yahoo.com,yahoo,com,7,1,hosea,5,0,0,0,1,1,59,2,65,old
Myrtle.Hermiston60@yahoo.com,yahoo,com,18,2,myrtle,6,1,0,0,1,1,60,2,64,old
emma1987_taylor@gmail.com,gmail,com,15,2,emma,4,0,1,0,0,1,1987,4,37,medium
Elta37@protonmail.com,protonmail,com,6,1,elta,4,0,0,0,1,1,37,2,87,old
Beth_Johnston94@gmail.com,gmail,com,15,2,beth,4,0,1,0,1,1,94,2,30,medium
rachel2006_wright@icloud.com,icloud,com,17,2,rachel,6,0,1,0,0,1,2006,4,18,young
abigail1987_powell@yahoo.com,yahoo,com,18,2,abigail,7,0,1,0,0,1,1987,4,37,medium
Evie_Beier@protonmail.com,protonmail,com,10,2,evie,4,0,1,0,1,0,-1,0,-1,unsure
carter.james99@hotmail.com,hotmail,com,14,2,carter,6,1,0,0,0,1,99,2,25,young
sarah.brown@yahoo.com,yahoo,com,11,2,sarah,5,1,0,0,0,0,-1,0,-1,unsure
grace.roberts1705@gmail.com,gmail,com,17,2,grace,5,1,0,0,0,1,1705,4,-1,unsure
Glenda_Gleason@yahoo.com,yahoo,com,14,2,glenda,6,0,1,0,1,0,-1,0,-1,unsure
katherine.foster1710@gmail.com,gmail,com,20,2,katherine,9,1,0,0,0,1,1710,4,-1,unsure
Octavia.Thiel@gmail.com,gmail,com,13,2,octavia,7,1,0,0,1,0,-1,0,-1,unsure
andrew_james7654@hotmail.com,hotmail,com,16,2,andrew,6,0,1,0,0,1,7654,4,-1,unsure
Elwin80@icloud.com,icloud,com,7,1,elwin,5,0,0,0,1,1,80,2,44,medium
Herta_Abernathy13@mail.com,mail,com,17,2,herta,5,0,1,0,1,1,13,2,-1,unsure
katie_thompson1981@gmail.com,gmail,com,18,2,katie,5,0,1,0,0,1,1981,4,43,medium
caleb_phillips34567@icloud.com,icloud,com,19,2,caleb,5,0,1,0,0,1,34567,5,-1,unsure
ryan33_blaze@hotmail.com,hotmail,com,12,2,ryan,4,0,1,0,0,1,33,2,91,old
elizabeth.miller1732@gmail.com,gmail,com,20,2,elizabeth,9,1,0,0,0,1,1732,4,-1,unsure
daniel.jackson@hotmail.com,hotmail,com,14,2,daniel,6,1,0,0,0,0,-1,0,-1,unsure
Sister87@icloud.com,icloud,com,8,1,sister,6,0,0,0,1,1,87,2,37,medium
tyler.hayes86@gmail.com,gmail,com,13,2,tyler,5,1,0,0,0,1,86,2,38,medium
laura.davis@aol.com,aol,com,11,2,laura,5,1,0,0,0,0,-1,0,-1,unsure
Darrel_Roberts15@protonmail.com,protonmail,com,16,2,darrel,6,0,1,0,1,1,15,2,-1,unsure
megan12_fire@aol.com,aol,com,12,2,megan,5,0,1,0,0,1,12,2,-1,unsure
olivia.johnson91@gmail.com,gmail,com,16,2,olivia,6,1,0,0,0,1,91,2,33,medium
Clark.Hoppe14@icloud.com,icloud,com,13,2,clark,5,1,0,0,1,1,14,2,-1,unsure
Rubye.Lebsack28@yahoo.com,yahoo,com,15,2,rubye,5,1,0,0,1,1,28,2,96,old
michael.johnson@gmail.com,gmail,com,15,2,michael,7,1,0,0,0,0,-1,0,-1,unsure
olivia.johnson91@gmail.com,gmail,com,16,2,olivia,6,1,0,0,0,1,91,2,33,medium
Talon_Stark79@icloud.com,icloud,com,13,2,talon,5,0,1,0,1,1,79,2,45,medium
victoria17_heat@protonmail.com,protonmail,com,15,2,victoria,8,0,1,0,0,1,17,2,-1,unsure
andrew.clark88@gmail.com,gmail,com,14,2,andrew,6,1,0,0,0,1,88,2,36,medium
Javonte.Bednar@tutanota.com,tutanota,com,14,2,javonte,7,1,0,0,1,0,-1,0,-1,unsure
benjamin.mitchell1779@gmail.com,gmail,com,21,2,benjamin,8,1,0,0,0,1,1779,4,-1,unsure
Bertha66@gmail.com,gmail,com,8,1,bertha,6,0,0,0,1,1,66,2,58,old
Rubye.Lebsack28@yahoo.com,yahoo,com,15,2,rubye,5,1,0,0,1,1,28,2,96,old
margaret.smith@hotmail.com,hotmail,com,14,2,margaret,8,1,0,0,0,0,-1,0,-1,unsure
Brook_Marks53@tutanota.com,tutanota,com,13,2,brook,5,0,1,0,1,1,53,2,71,old
rebecca.allen1771@gmail.com,gmail,com,17,2,rebecca,7,1,0,0,0,1,1771,4,-1,unsure
john_lee1986@gmail.com,gmail,com,12,2,john,4,0,1,0,0,1,1986,4,38,medium
logan19_glint@gmail.com,gmail,com,13,2,logan,5,0,1,0,0,1,19,2,-1,unsure
Lyla_Jakubowski@gmail.com,gmail,com,15,2,lyla,4,0,1,0,1,0,-1,0,-1,unsure
Eva35@protonmail.com,protonmail,com,5,1,eva,3,0,0,0,1,1,35,2,89,old
Maddison62@aol.com,aol,com,10,1,maddison,8,0,0,0,1,1,62,2,62,old
abigail.powell56@yahoo.com,yahoo,com,16,2,abigail,7,1,0,0,0,1,56,2,68,old
james4672_blake@gmail.com,gmail,com,15,2,james,5,0,1,0,0,1,4672,4,-1,unsure
Fae_Ward80@yahoo.com,yahoo,com,10,2,fae,3,0,1,0,1,1,80,2,44,medium
Tillman.Green44@icloud.com,icloud,com,15,2,tillman,7,1,0,0,1,1,44,2,80,old
Hayley.Kohler49@protonmail.com,protonmail,com,15,2,hayley,6,1,0,0,1,1,49,2,75,old
joshua.bell00@gmail.com,gmail,com,13,2,joshua,6,1,0,0,0,1,0,2,24,young
Wanda40@gmail.com,gmail,com,7,1,wanda,5,0,0,0,1,1,40,2,84,old
jason1997_long@gmail.com,gmail,com,14,2,jason,5,0,1,0,0,1,1997,4,27,young
matthew_davis8765@hotmail.com,hotmail,com,17,2,matthew,7,0,1,0,0,1,8765,4,-1,unsure
Alexane45@aol.com,aol,com,9,1,alexane,7,0,0,0,1,1,45,2,79,old
thomas.brown@protonmail.com,protonmail,com,12,2,thomas,6,1,0,0,0,0,-1,0,-1,unsure
Hilario.Steuber@aol.com,aol,com,15,2,hilario,7,1,0,0,1,0,-1,0,-1,unsure
Zackary29@gmail.com,gmail,com,9,1,zackary,7,0,0,0,1,1,29,2,95,old
Kirk96@tutanota.com,tutanota,com,6,1,kirk,4,0,0,0,1,1,96,2,28,young
nathan.peters1808@gmail.com,gmail,com,17,2,nathan,6,1,0,0,0,1,1808,4,-1,unsure
Cesar74@gmail.com,gmail,com,7,1,cesar,5,0,0,0,1,1,74,2,50,old
Krista59@gmail.com,gmail,com,8,1,krista,6,0,0,0,1,1,59,2,65,old
sophia_jones2001@gmail.com,gmail,com,16,2,sophia,6,0,1,0,0,1,2001,4,23,young
Minnie_Nitzsche48@yahoo.com,yahoo,com,17,2,minnie,6,0,1,0,1,1,48,2,76,old
william.johnson1799@gmail.com,gmail,com,19,2,william,7,1,0,0,0,1,1799,4,-1,unsure
ethan.lee2002@protonmail.com,protonmail,com,13,2,ethan,5,1,0,0,0,1,2002,4,22,young
Roger44@gmail.com,gmail,com,7,1,roger,5,0,0,0,1,1,44,2,80,old
Marisol1@gmail.com,gmail,com,8,1,marisol,7,0,0,0,1,1,1,1,-1,unsure
lily.long85@yahoo.com,yahoo,com,11,2,lily,4,1,0,0,0,1,85,2,39,medium
Terrance28@aol.com,aol,com,10,1,terrance,8,0,0,0,1,1,28,2,96,old
dylan.richards83@gmail.com,gmail,com,16,2,dylan,5,1,0,0,0,1,83,2,41,medium
Cali_Bauch81@icloud.com,icloud,com,12,2,cali,4,0,1,0,1,1,81,2,43,medium
Shany.McLaughlin@tutanota.com,tutanota,com,16,2,shany,5,1,0,0,1,0,-1,0,-1,unsure
Adaline.Stamm83@gmail.com,gmail,com,15,2,adaline,7,1,0,0,1,1,83,2,41,medium
robert.carter@hotmail.com,hotmail,com,13,2,robert,6,1,0,0,0,0,-1,0,-1,unsure
Frederique.Cronin45@gmail.com,gmail,com,19,2,frederique,10,1,0,0,1,1,45,2,79,old
jason35_glint@gmail.com,gmail,com,13,2,jason,5,0,1,0,0,1,35,2,89,old
Ayden28@yahoo.com,yahoo,com,7,1,ayden,5,0,0,0,1,1,28,2,96,old
Barbara_Kub@tutanota.com,tutanota,com,11,2,barbara,7,0,1,0,1,0,-1,0,-1,unsure
Estelle80@yahoo.com,yahoo,com,9,1,estelle,7,0,0,0,1,1,80,2,44,medium
david.phillips@outlook.com,outlook,com,14,2,david,5,1,0,0,0,0,-1,0,-1,unsure
m.williams1998@icloud.com,icloud,com,14,2,m,1,1,0,0,0,1,1998,4,26,young
david_roberts1981@gmail.com,gmail,com,17,2,david,5,0,1,0,0,1,1981,4,43,medium
lily1983_thompson@protonmail.com,protonmail,com,17,2,lily,4,0,1,0,0,1,1983,4,41,medium
ryan1984_hughes@hotmail.com,hotmail,com,15,2,ryan,4,0,1,0,0,1,1984,4,40,medium
hailey_sanders4567@gmail.com,gmail,com,18,2,hailey,6,0,1,0,0,1,4567,4,-1,unsure
david_clark1983@gmail.com,gmail,com,15,2,david,5,0,1,0,0,1,1983,4,41,medium
Oren_Rau@mail.com,mail,com,8,2,oren,4,0,1,0,1,0,-1,0,-1,unsure
Helena_Bartoletti@aol.com,aol,com,17,2,helena,6,0,1,0,1,0,-1,0,-1,unsure
Jaquelin.Hermann13@tutanota.com,tutanota,com,18,2,jaquelin,8,1,0,0,1,1,13,2,-1,unsure
Joey_Gottlieb@aol.com,aol,com,13,2,joey,4,0,1,0,1,0,-1,0,-1,unsure
george.scott@yahoo.com,yahoo,com,12,2,george,6,1,0,0,0,0,-1,0,-1,unsure
Devante_Deckow@gmail.com,gmail,com,14,2,devante,7,0,1,0,1,0,-1,0,-1,unsure
Tom_Torp@gmail.com,gmail,com,8,2,tom,3,0,1,0,1,0,-1,0,-1,unsure
daniel_clark@outlook.com,outlook,com,12,2,daniel,6,0,1,0,0,0,-1,0,-1,unsure
james.clark@protonmail.com,protonmail,com,11,2,james,5,1,0,0,0,0,-1,0,-1,unsure
Imelda.Kemmer@tutanota.com,tutanota,com,13,2,imelda,6,1,0,0,1,0,-1,0,-1,unsure
caleb_powell1989@gmail.com,gmail,com,16,2,caleb,5,0,1,0,0,1,1989,4,35,medium
samuel.6782clark@gmail.com,gmail,com,16,2,samuel,6,1,0,0,0,1,6782,4,-1,unsure
Jaren16@tutanota.com,tutanota,com,7,1,jaren,5,0,0,0,1,1,16,2,-1,unsure
victoria.carter84@yahoo.com,yahoo,com,17,2,victoria,8,1,0,0,0,1,84,2,40,medium
emma_9010thompson@gmail.com,gmail,com,17,2,emma,4,0,1,0,0,1,9010,4,-1,unsure
Fay.Kertzmann@mail.com,mail,com,13,2,fay,3,1,0,0,1,0,-1,0,-1,unsure
nancy.morris@yahoo.com,yahoo,com,12,2,nancy,5,1,0,0,0,0,-1,0,-1,unsure
Jacques.Grady55@protonmail.com,protonmail,com,15,2,jacques,7,1,0,0,1,1,55,2,69,old
jessica.evans04@gmail.com,gmail,com,15,2,jessica,7,1,0,0,0,1,4,2,20,young
laura.evans@gmail.com,gmail,com,11,2,laura,5,1,0,0,0,0,-1,0,-1,unsure
samantha.jones1994@gmail.com,gmail,com,18,2,samantha,8,1,0,0,0,1,1994,4,30,medium
jason42_light@yahoo.com,yahoo,com,13,2,jason,5,0,1,0,0,1,42,2,82,old
Arlo8@outlook.com,outlook,com,5,1,arlo,4,0,0,0,1,1,8,1,-1,unsure
laura.baker45@icloud.com,icloud,com,13,2,laura,5,1,0,0,0,1,45,2,79,old
robert.jones@yahoo.com,yahoo,com,12,2,robert,6,1,0,0,0,0,-1,0,-1,unsure
oliver1123@gmail.com,gmail,com,10,1,oliver,6,0,0,0,0,1,1123,4,-1,unsure
laura.evans@icloud.com,icloud,com,11,2,laura,5,1,0,0,0,0,-1,0,-1,unsure
anna_martin1997@gmail.com,gmail,com,15,2,anna,4,0,1,0,0,1,1997,4,27,young
Keara.Cartwright59@tutanota.com,tutanota,com,18,2,keara,5,1,0,0,1,1,59,2,65,old
a.james_1996@gmail.com,gmail,com,12,2,a,1,1,1,0,0,1,1996,4,28,young
Marshall_Upton32@mail.com,mail,com,16,2,marshall,8,0,1,0,1,1,32,2,92,old
adam59_blaze@gmail.com,gmail,com,12,2,adam,4,0,1,0,0,1,59,2,65,old
stephen.morris1764@gmail.com,gmail,com,18,2,stephen,7,1,0,0,0,1,1764,4,-1,unsure
joseph.adams@gmail.com,gmail,com,12,2,joseph,6,1,0,0,0,0,-1,0,-1,unsure
Gus_Schultz70@aol.com,aol,com,13,2,gus,3,0,1,0,1,1,70,2,54,old
harry93_thomas@hotmail.com,hotmail,com,14,2,harry,5,0,1,0,0,1,93,2,31,medium
jackson5431_thomas@hotmail.com,hotmail,com,18,2,jackson,7,0,1,0,0,1,5431,4,-1,unsure
Ernest_Jacobson59@protonmail.com,protonmail,com,17,2,ernest,6,0,1,0,1,1,59,2,65,old
jacob89_light@gmail.com,gmail,com,13,2,jacob,5,0,1,0,0,1,89,2,35,medium
laura.smith@icloud.com,icloud,com,11,2,laura,5,1,0,0,0,0,-1,0,-1,unsure
richard.clark1674@gmail.com,gmail,com,17,2,richard,7,1,0,0,0,1,1674,4,-1,unsure
hailey54_light@gmail.com,gmail,com,14,2,hailey,6,0,1,0,0,1,54,2,70,old
joseph.green@hotmail.com,hotmail,com,12,2,joseph,6,1,0,0,0,0,-1,0,-1,unsure
isaac.bell@outlook.com,outlook,com,10,2,isaac,5,1,0,0,0,0,-1,0,-1,unsure
hailey2001_price@protonmail.com,protonmail,com,16,2,hailey,6,0,1,0,0,1,2001,4,23,young
patricia.morris1691@gmail.com,gmail,com,19,2,patricia,8,1,0,0,0,1,1691,4,-1,unsure
victoria42_heat@yahoo.com,yahoo,com,15,2,victoria,8,0,1,0,0,1,42,2,82,old
daniel99_spark@icloud.com,icloud,com,14,2,daniel,6,0,1,0,0,1,99,2,25,young
Rubye_Jast-Hane17@icloud.com,icloud,com,17,3,rubye,5,0,1,1,1,1,17,2,-1,unsure
anthony.ward1825@gmail.com,gmail,com,16,2,anthony,7,1,0,0,0,1,1825,4,-1,unsure
robert.white1725@gmail.com,gmail,com,16,2,robert,6,1,0,0,0,1,1725,4,-1,unsure
Demario_Fisher47@mail.com,mail,com,16,2,demario,7,0,1,0,1,1,47,2,77,old
emily1998_smith@gmail.com,gmail,com,15,2,emily,5,0,1,0,0,1,1998,4,26,young
alexis_cooper1992@gmail.com,gmail,com,17,2,alexis,6,0,1,0,0,1,1992,4,32,medium
rebecca.jones@icloud.com,icloud,com,13,2,rebecca,7,1,0,0,0,0,-1,0,-1,unsure
peter.clark@gmail.com,gmail,com,11,2,peter,5,1,0,0,0,0,-1,0,-1,unsure
madeline_butler1996@gmail.com,gmail,com,19,2,madeline,8,0,1,0,0,1,1996,4,28,young
Oran_Zemlak39@gmail.com,gmail,com,13,2,oran,4,0,1,0,1,1,39,2,85,old
Fae_Ward80@yahoo.com,yahoo,com,10,2,fae,3,0,1,0,1,1,80,2,44,medium
Torrey.Luettgen@gmail.com,gmail,com,15,2,torrey,6,1,0,0,1,0,-1,0,-1,unsure
david.wilson98@outlook.com,outlook,com,14,2,david,5,1,0,0,0,1,98,2,26,young
Gunner46@mail.com,mail,com,8,1,gunner,6,0,0,0,1,1,46,2,78,old
Gunner46@mail.com,mail,com,8,1,gunner,6,0,0,0,1,1,46,2,78,old
margaret.evans@yahoo.com,yahoo,com,14,2,margaret,8,1,0,0,0,0,-1,0,-1,unsure
joseph.miller@gmail.com,gmail,com,13,2,joseph,6,1,0,0,0,0,-1,0,-1,unsure
daniel.taylor88@outlook.com,outlook,com,15,2,daniel,6,1,0,0,0,1,88,2,36,medium
rebecca.clark@outlook.com,outlook,com,13,2,rebecca,7,1,0,0,0,0,-1,0,-1,unsure
olivia1992_williams@gmail.com,gmail,com,19,2,olivia,6,0,1,0,0,1,1992,4,32,medium
rachel_perez2345@icloud.com,icloud,com,16,2,rachel,6,0,1,0,0,1,2345,4,-1,unsure
Danny.Jacobson74@outlook.com,outlook,com,16,2,danny,5,1,0,0,1,1,74,2,50,old
simon.johnson@gmail.com,gmail,com,13,2,simon,5,1,0,0,0,0,-1,0,-1,unsure
nathan.brooks@aol.com,aol,com,13,2,nathan,6,1,0,0,0,0,-1,0,-1,unsure
victoria.white92@hotmail.com,hotmail,com,16,2,victoria,8,1,0,0,0,1,92,2,32,medium
Orin.Fisher@tutanota.com,tutanota,com,11,2,orin,4,1,0,0,1,0,-1,0,-1,unsure
olivia_nelson2004@gmail.com,gmail,com,17,2,olivia,6,0,1,0,0,1,2004,4,20,young
Kristian.Dickinson@aol.com,aol,com,18,2,kristian,8,1,0,0,1,0,-1,0,-1,unsure
tyler63_flicker@gmail.com,gmail,com,15,2,tyler,5,0,1,0,0,1,63,2,61,old
megan.wilson21@hotmail.com,hotmail,com,14,2,megan,5,1,0,0,0,1,21,2,-1,unsure
Deven57@protonmail.com,protonmail,com,7,1,deven,5,0,0,0,1,1,57,2,67,old
matthew1992_lee@gmail.com,gmail,com,15,2,matthew,7,0,1,0,0,1,1992,4,32,medium
Kayden.Schmeler@aol.com,aol,com,15,2,kayden,6,1,0,0,1,0,-1,0,-1,unsure
lily4321_w@yahoo.com,yahoo,com,10,2,lily,4,0,1,0,0,1,4321,4,-1,unsure
Ross.Rutherford@tutanota.com,tutanota,com,15,2,ross,4,1,0,0,1,0,-1,0,-1,unsure
liam2573@gmail.com,gmail,com,8,1,liam,4,0,0,0,0,1,2573,4,-1,unsure
hannah.adams@gmail.com,gmail,com,12,2,hannah,6,1,0,0,0,0,-1,0,-1,unsure
julia.doe4321@sub.domain.com,sub.domain,com,13,2,julia,5,1,0,0,0,1,4321,4,-1,unsure
Reyes_Ondricka@mail.com,mail,com,14,2,reyes,5,0,1,0,1,0,-1,0,-1,unsure
Moses90@mail.com,mail,com,7,1,moses,5,0,0,0,1,1,90,2,34,medium
Nathen.Boehm@protonmail.com,protonmail,com,12,2,nathen,6,1,0,0,1,0,-1,0,-1,unsure
lily_kelly1986@gmail.com,gmail,com,14,2,lily,4,0,1,0,0,1,1986,4,38,medium
john2001@gmail.com,gmail,com,8,1,john,4,0,0,0,0,1,2001,4,23,young
Zora_Goodwin@outlook.com,outlook,com,12,2,zora,4,0,1,0,1,0,-1,0,-1,unsure
amanda2003_watson@icloud.com,icloud,com,17,2,amanda,6,0,1,0,0,1,2003,4,21,young
Francesco_DAmore-Purdy45@gmail.com,gmail,com,24,3,francesco,9,0,1,1,1,1,45,2,79,old
Domenico.Jacobs35@gmail.com,gmail,com,17,2,domenico,8,1,0,0,1,1,35,2,89,old
Shaun_Wisoky-Lockman23@protonmail.com,protonmail,com,22,3,shaun,5,0,1,1,1,1,23,2,-1,unsure
ethan2000_sanders@protonmail.com,protonmail,com,17,2,ethan,5,0,1,0,0,1,2000,4,24,young
ethan.hughes01@protonmail.com,protonmail,com,14,2,ethan,5,1,0,0,0,1,1,2,23,young
george.johnson@aol.com,aol,com,14,2,george,6,1,0,0,0,0,-1,0,-1,unsure
sarah.wilson@gmail.com,gmail,com,12,2,sarah,5,1,0,0,0,0,-1,0,-1,unsure
jason_barnes87690@gmail.com,gmail,com,17,2,jason,5,0,1,0,0,1,87690,5,-1,unsure
laura.howard1753@gmail.com,gmail,com,16,2,laura,5,1,0,0,0,1,1753,4,-1,unsure
susan.cook@yahoo.com,yahoo,com,10,2,susan,5,1,0,0,0,0,-1,0,-1,unsure
Toney.Leffler87@yahoo.com,yahoo,com,15,2,toney,5,1,0,0,1,1,87,2,37,medium
ethan_white2002@protonmail.com,protonmail,com,15,2,ethan,5,0,1,0,0,1,2002,4,22,young
megan1993_scott@aol.com,aol,com,15,2,megan,5,0,1,0,0,1,1993,4,31,medium
Tre_Rau96@tutanota.com,tutanota,com,9,2,tre,3,0,1,0,1,1,96,2,28,young
jacob_hall1985@gmail.com,gmail,com,14,2,jacob,5,0,1,0,0,1,1985,4,39,medium
Johann_Gleason20@aol.com,aol,com,16,2,johann,6,0,1,0,1,1,20,2,-1,unsure
Eva35@protonmail.com,protonmail,com,5,1,eva,3,0,0,0,1,1,35,2,89,old
chris1991_walker@gmail.com,gmail,com,16,2,chris,5,0,1,0,0,1,1991,4,33,medium
amanda_king1999@hotmail.com,hotmail,com,15,2,amanda,6,0,1,0,0,1,1999,4,25,young
rachel.murphy@aol.com,aol,com,13,2,rachel,6,1,0,0,0,0,-1,0,-1,unsure
james_brown1985@gmail.com,gmail,com,15,2,james,5,0,1,0,0,1,1985,4,39,medium
Renee_Bradtke@tutanota.com,tutanota,com,13,2,renee,5,0,1,0,1,0,-1,0,-1,unsure
olivia_smith99991@yahoo.com,yahoo,com,17,2,olivia,6,0,1,0,0,1,99991,5,-1,unsure
Victoria.Jast@gmail.com,gmail,com,13,2,victoria,8,1,0,0,1,0,-1,0,-1,unsure
madison90_flash@outlook.com,outlook,com,15,2,madison,7,0,1,0,0,1,90,2,34,medium
Nicolette82@protonmail.com,protonmail,com,11,1,nicolette,9,0,0,0,1,1,82,2,42,medium
grace_wilson4501@gmail.com,gmail,com,16,2,grace,5,0,1,0,0,1,4501,4,-1,unsure
Helmer.Lockman72@yahoo.com,yahoo,com,16,2,helmer,6,1,0,0,1,1,72,2,52,old
Kevon93@yahoo.com,yahoo,com,7,1,kevon,5,0,0,0,1,1,93,2,31,medium
laura.foster@icloud.com,icloud,com,12,2,laura,5,1,0,0,0,0,-1,0,-1,unsure
Birdie_Kuvalis89@outlook.com,outlook,com,16,2,birdie,6,0,1,0,1,1,89,2,35,medium
olivia.smith999@yahoo.com,yahoo,com,15,2,olivia,6,1,0,0,0,1,999,3,-1,unsure
Elias47@aol.com,aol,com,7,1,elias,5,0,0,0,1,1,47,2,77,old
laura_baker12345@icloud.com,icloud,com,16,2,laura,5,0,1,0,0,1,12345,5,-1,unsure
logan2005_bryant@outlook.com,outlook,com,16,2,logan,5,0,1,0,0,1,2005,4,19,young
Zaria_Ebert-Glover38@aol.com,aol,com,20,3,zaria,5,0,1,1,1,1,38,2,86,old
mason1999_watson@hotmail.com,hotmail,com,16,2,mason,5,0,1,0,0,1,1999,4,25,young
james.morgan@icloud.com,icloud,com,12,2,james,5,1,0,0,0,0,-1,0,-1,unsure
samantha.miller96@gmail.com,gmail,com,17,2,samantha,8,1,0,0,0,1,96,2,28,young
Gaston_Schuppe-Ryan@protonmail.com,protonmail,com,19,3,gaston,6,0,1,1,1,0,-1,0,-1,unsure
nathan2000_patel@aol.com,aol,com,16,2,nathan,6,0,1,0,0,1,2000,4,24,young
Helena_Bartoletti@aol.com,aol,com,17,2,helena,6,0,1,0,1,0,-1,0,-1,unsure
carter_hughes2002@gmail.com,gmail,com,17,2,carter,6,0,1,0,0,1,2002,4,22,young
Ransom.Turcotte-Heaney97@gmail.com,gmail,com,24,3,ransom,6,1,0,1,1,1,97,2,27,young
susan.green@yahoo.com,yahoo,com,11,2,susan,5,1,0,0,0,0,-1,0,-1,unsure
george.baker@hotmail.com,hotmail,com,12,2,george,6,1,0,0,0,0,-1,0,-1,unsure
logan1982_brooks@gmail.com,gmail,com,16,2,logan,5,0,1,0,0,1,1982,4,42,medium
george.harris@yahoo.com,yahoo,com,13,2,george,6,1,0,0,0,0,-1,0,-1,unsure
william.moore@outlook.com,outlook,com,13,2,william,7,1,0,0,0,0,-1,0,-1,unsure
t.jones1997@hotmail.com,hotmail,com,11,2,t,1,1,0,0,0,1,1997,4,27,young
benjamin_1782.johnson@college.edu,college,edu,21,2,benjamin,8,1,1,0,0,1,1782,4,-1,unsure
emily56_gleam@outlook.com,outlook,com,13,2,emily,5,0,1,0,0,1,56,2,68,old
sophia.wilson@yahoo.com,yahoo,com,13,2,sophia,6,1,0,0,0,0,-1,0,-1,unsure
Leonardo_Osinski@gmail.com,gmail,com,16,2,leonardo,8,0,1,0,1,0,-1,0,-1,unsure
joseph.clark@outlook.com,outlook,com,12,2,joseph,6,1,0,0,0,0,-1,0,-1,unsure
Barry.Hahn64@icloud.com,icloud,com,12,2,barry,5,1,0,0,1,1,64,2,60,old
anthony.evans@protonmail.com,protonmail,com,13,2,anthony,7,1,0,0,0,0,-1,0,-1,unsure
sophia.3452@gmail.com,gmail,com,11,1,sophia,6,1,0,0,0,1,3452,4,-1,unsure
hannah.bryant@aol.com,aol,com,13,2,hannah,6,1,0,0,0,0,-1,0,-1,unsure
Brandt20@icloud.com,icloud,com,8,1,brandt,6,0,0,0,1,1,20,2,-1,unsure
emily2000_smith@outlook.com,outlook,com,15,2,emily,5,0,1,0,0,1,2000,4,24,young
thomas.hall1688@gmail.com,gmail,com,15,2,thomas,6,1,0,0,0,1,1688,4,-1,unsure
hailey.price39@protonmail.com,protonmail,com,14,2,hailey,6,1,0,0,0,1,39,2,85,old
Owen_Kutch@aol.com,aol,com,10,2,owen,4,0,1,0,1,0,-1,0,-1,unsure
sophia.evans@yahoo.com,yahoo,com,12,2,sophia,6,1,0,0,0,0,-1,0,-1,unsure
amelia.hughes@outlook.com,outlook,com,13,2,amelia,6,1,0,0,0,0,-1,0,-1,unsure
victoria.kelly03@protonmail.com,protonmail,com,16,2,victoria,8,1,0,0,0,1,3,2,21,young
Bobbie_Bins@yahoo.com,yahoo,com,11,2,bobbie,6,0,1,0,1,0,-1,0,-1,unsure
mary.miller@gmail.com,gmail,com,11,2,mary,4,1,0,0,0,0,-1,0,-1,unsure
Birdie_Lesch85@gmail.com,gmail,com,14,2,birdie,6,0,1,0,1,1,85,2,39,medium
alexis_perez1989@gmail.com,gmail,com,16,2,alexis,6,0,1,0,0,1,1989,4,35,medium
ethan89_fire@protonmail.com,protonmail,com,12,2,ethan,5,0,1,0,0,1,89,2,35,medium
Lexi.Jerde@protonmail.com,protonmail,com,10,2,lexi,4,1,0,0,1,0,-1,0,-1,unsure
laura.james@gmail.com,gmail,com,11,2,laura,5,1,0,0,0,0,-1,0,-1,unsure
lily_long1985@yahoo.com,yahoo,com,13,2,lily,4,0,1,0,0,1,1985,4,39,medium
jane.baker1728@gmail.com,gmail,com,14,2,jane,4,1,0,0,0,1,1728,4,-1,unsure
rachel1995_w@yahoo.com,yahoo,com,12,2,rachel,6,0,1,0,0,1,1995,4,29,young
kelly.brown93@protonmail.com,protonmail,com,13,2,kelly,5,1,0,0,0,1,93,2,31,medium
Xander.Johns95@protonmail.com,protonmail,com,14,2,xander,6,1,0,0,1,1,95,2,29,young
james.jones00@gmail.com,gmail,com,13,2,james,5,1,0,0,0,1,0,2,24,young
olivia1230_lee@gmail.com,gmail,com,14,2,olivia,6,0,1,0,0,1,1230,4,-1,unsure
laura.anderson@icloud.com,icloud,com,14,2,laura,5,1,0,0,0,0,-1,0,-1,unsure
matthew58_glow@gmail.com,gmail,com,14,2,matthew,7,0,1,0,0,1,58,2,66,old
Carroll_Armstrong92@mail.com,mail,com,19,2,carroll,7,0,1,0,1,1,92,2,32,medium
emily.smith94@gmail.com,gmail,com,13,2,emily,5,1,0,0,0,1,94,2,30,medium
Ewell_Donnelly45@aol.com,aol,com,16,2,ewell,5,0,1,0,1,1,45,2,79,old
Maya.Hilll@gmail.com,gmail,com,10,2,maya,4,1,0,0,1,0,-1,0,-1,unsure
ethan.hughes01@protonmail.com,protonmail,com,14,2,ethan,5,1,0,0,0,1,1,2,23,young
Nathen.Boehm@protonmail.com,protonmail,com,12,2,nathen,6,1,0,0,1,0,-1,0,-1,unsure
Conor_OKeefe@outlook.com,outlook,com,12,2,conor,5,0,1,0,1,0,-1,0,-1,unsure
matthew.davis01@hotmail.com,hotmail,com,15,2,matthew,7,1,0,0,0,1,1,2,23,young
jason.brown85@gmail.com,gmail,com,13,2,jason,5,1,0,0,0,1,85,2,39,medium
mark_wilson4500@yahoo.com,yahoo,com,15,2,mark,4,0,1,0,0,1,4500,4,-1,unsure
Lonnie_Kulas@gmail.com,gmail,com,12,2,lonnie,6,0,1,0,1,0,-1,0,-1,unsure
joseph.scott1736@gmail.com,gmail,com,16,2,joseph,6,1,0,0,0,1,1736,4,-1,unsure
Renee.Simonis23@tutanota.com,tutanota,com,15,2,renee,5,1,0,0,1,1,23,2,-1,unsure
amelia.gray1746@gmail.com,gmail,com,15,2,amelia,6,1,0,0,0,1,1746,4,-1,unsure
victoria_morris1990@gmail.com,gmail,com,19,2,victoria,8,0,1,0,0,1,1990,4,34,medium
victoria.kelly03@protonmail.com,protonmail,com,16,2,victoria,8,1,0,0,0,1,3,2,21,young
Gardner0@gmail.com,gmail,com,8,1,gardner,7,0,0,0,1,1,0,1,-1,unsure
carter_james9999@hotmail.com,hotmail,com,16,2,carter,6,0,1,0,0,1,9999,4,-1,unsure
lucy.hill@yahoo.com,yahoo,com,9,2,lucy,4,1,0,0,0,0,-1,0,-1,unsure
joshua99_bright@gmail.com,gmail,com,15,2,joshua,6,0,1,0,0,1,99,2,25,young
Howell73@tutanota.com,tutanota,com,8,1,howell,6,0,0,0,1,1,73,2,51,old
nathan.jones@protonmail.com,protonmail,com,12,2,nathan,6,1,0,0,0,0,-1,0,-1,unsure
elizabeth.walker@protonmail.com,protonmail,com,16,2,elizabeth,9,1,0,0,0,0,-1,0,-1,unsure
peter.smith@aol.com,aol,com,11,2,peter,5,1,0,0,0,0,-1,0,-1,unsure
Nayeli_Schinner16@protonmail.com,protonmail,com,17,2,nayeli,6,0,1,0,1,1,16,2,-1,unsure
Genevieve_Sawayn-Kunde79@gmail.com,gmail,com,24,3,genevieve,9,0,1,1,1,1,79,2,45,medium
chris.lee69@hotmail.com,hotmail,com,11,2,chris,5,1,0,0,0,1,69,2,55,old
Hilario.Steuber@aol.com,aol,com,15,2,hilario,7,1,0,0,1,0,-1,0,-1,unsure
Maude_Donnelly@protonmail.com,protonmail,com,14,2,maude,5,0,1,0,1,0,-1,0,-1,unsure
ella8901@protonmail.com,protonmail,com,8,1,ella,4,0,0,0,0,1,8901,4,-1,unsure
Willie.Lemke5@gmail.com,gmail,com,13,2,willie,6,1,0,0,1,1,5,1,-1,unsure
Cayla83@tutanota.com,tutanota,com,7,1,cayla,5,0,0,0,1,1,83,2,41,medium
sophia.james91@gmail.com,gmail,com,14,2,sophia,6,1,0,0,0,1,91,2,33,medium
Anissa49@aol.com,aol,com,8,1,anissa,6,0,0,0,1,1,49,2,75,old
logan.brooks12@gmail.com,gmail,com,14,2,logan,5,1,0,0,0,1,12,2,-1,unsure
andrew.james64@hotmail.com,hotmail,com,14,2,andrew,6,1,0,0,0,1,64,2,60,old
logan.turner98@outlook.com,outlook,com,14,2,logan,5,1,0,0,0,1,98,2,26,young
nathan.anderson@gmail.com,gmail,com,15,2,nathan,6,1,0,0,0,0,-1,0,-1,unsure
Deon29@outlook.com,outlook,com,6,1,deon,4,0,0,0,1,1,29,2,95,old
Delaney_Krajcik@aol.com,aol,com,15,2,delaney,7,0,1,0,1,0,-1,0,-1,unsure
emma.clark76@icloud.com,icloud,com,12,2,emma,4,1,0,0,0,1,76,2,48,medium
abigail32_light@yahoo.com,yahoo,com,15,2,abigail,7,0,1,0,0,1,32,2,92,old
claire_mitchell2005@gmail.com,gmail,com,19,2,claire,6,0,1,0,0,1,2005,4,19,young
amanda61_spark@icloud.com,icloud,com,14,2,amanda,6,0,1,0,0,1,61,2,63,old
robert.clark@outlook.com,outlook,com,12,2,robert,6,1,0,0,0,0,-1,0,-1,unsure
lily1985_butler@yahoo.com,yahoo,com,15,2,lily,4,0,1,0,0,1,1985,4,39,medium
Corrine84@gmail.com,gmail,com,9,1,corrine,7,0,0,0,1,1,84,2,40,medium
john.anderson@protonmail.com,protonmail,com,13,2,john,4,1,0,0,0,0,-1,0,-1,unsure
Raina14@tutanota.com,tutanota,com,7,1,raina,5,0,0,0,1,1,14,2,-1,unsure
sarah.carter@yahoo.com,yahoo,com,12,2,sarah,5,1,0,0,0,0,-1,0,-1,unsure
sarah.miller@protonmail.com,protonmail,com,12,2,sarah,5,1,0,0,0,0,-1,0,-1,unsure
margaret.bell@protonmail.com,protonmail,com,13,2,margaret,8,1,0,0,0,0,-1,0,-1,unsure
karen_hall2003@gmail.com,gmail,com,14,2,karen,5,0,1,0,0,1,2003,4,21,young
Marian.Morar@aol.com,aol,com,12,2,marian,6,1,0,0,1,0,-1,0,-1,unsure
samantha.miller96@gmail.com,gmail,com,17,2,samantha,8,1,0,0,0,1,96,2,28,young
Tabitha_Lubowitz94@outlook.com,outlook,com,18,2,tabitha,7,0,1,0,1,1,94,2,30,medium
victoria2002_kelly@protonmail.com,protonmail,com,18,2,victoria,8,0,1,0,0,1,2002,4,22,young
simon.harris@aol.com,aol,com,12,2,simon,5,1,0,0,0,0,-1,0,-1,unsure
Melyna15@aol.com,aol,com,8,1,melyna,6,0,0,0,1,1,15,2,-1,unsure
Kelly_Hammes@tutanota.com,tutanota,com,12,2,kelly,5,0,1,0,1,0,-1,0,-1,unsure
michael.wilson@protonmail.com,protonmail,com,14,2,michael,7,1,0,0,0,0,-1,0,-1,unsure
elizabeth.moore@yahoo.com,yahoo,com,15,2,elizabeth,9,1,0,0,0,0,-1,0,-1,unsure
patrick.bell1773@gmail.com,gmail,com,16,2,patrick,7,1,0,0,0,1,1773,4,-1,unsure
kathy2000_b@outlook.com,outlook,com,11,2,kathy,5,0,1,0,0,1,2000,4,24,young
matthew_green1984@gmail.com,gmail,com,17,2,matthew,7,0,1,0,0,1,1984,4,40,medium
lily49_bright@protonmail.com,protonmail,com,13,2,lily,4,0,1,0,0,1,49,2,75,old
claire_watson1998@gmail.com,gmail,com,17,2,claire,6,0,1,0,0,1,1998,4,26,young
Orlo67@tutanota.com,tutanota,com,6,1,orlo,4,0,0,0,1,1,67,2,57,old
madison.butler89@outlook.com,outlook,com,16,2,madison,7,1,0,0,0,1,89,2,35,medium
isabella4329@hotmail.com,hotmail,com,12,1,isabella,8,0,0,0,0,1,4329,4,-1,unsure
sarah_miller2000@gmail.com,gmail,com,16,2,sarah,5,0,1,0,0,1,2000,4,24,young
dylan_sanders1984@gmail.com,gmail,com,17,2,dylan,5,0,1,0,0,1,1984,4,40,medium
hannah.smith@protonmail.com,protonmail,com,12,2,hannah,6,1,0,0,0,0,-1,0,-1,unsure
Kallie_Schuppe@aol.com,aol,com,14,2,kallie,6,0,1,0,1,0,-1,0,-1,unsure
madison_butler6789@outlook.com,outlook,com,18,2,madison,7,0,1,0,0,1,6789,4,-1,unsure
Jacquelyn21@aol.com,aol,com,11,1,jacquelyn,9,0,0,0,1,1,21,2,-1,unsure
Demetrius.Kris@outlook.com,outlook,com,14,2,demetrius,9,1,0,0,1,0,-1,0,-1,unsure
dorothy.gray@protonmail.com,protonmail,com,12,2,dorothy,7,1,0,0,0,0,-1,0,-1,unsure
catherine.jones@aol.com,aol,com,15,2,catherine,9,1,0,0,0,0,-1,0,-1,unsure
nathan.moore@icloud.com,icloud,com,12,2,nathan,6,1,0,0,0,0,-1,0,-1,unsure
Jonas.Bruen9@gmail.com,gmail,com,12,2,jonas,5,1,0,0,1,1,9,1,-1,unsure
claire.harris87@outlook.com,outlook,com,15,2,claire,6,1,0,0,0,1,87,2,37,medium
henry1234.smith@outlook.com,outlook,com,15,2,henry,5,1,0,0,0,1,1234,4,-1,unsure
lucy.adams@icloud.com,icloud,com,10,2,lucy,4,1,0,0,0,0,-1,0,-1,unsure
laura38_glint@gmail.com,gmail,com,13,2,laura,5,0,1,0,0,1,38,2,86,old
Viviane.Schimmel33@gmail.com,gmail,com,18,2,viviane,7,1,0,0,1,1,33,2,91,old
Marilou.Koepp55@mail.com,mail,com,15,2,marilou,7,1,0,0,1,1,55,2,69,old
Liliana.Hoppe25@tutanota.com,tutanota,com,15,2,liliana,7,1,0,0,1,1,25,2,99,old
madison_henderson1981@gmail.com,gmail,com,21,2,madison,7,0,1,0,0,1,1981,4,43,medium
alexis.cooper92@gmail.com,gmail,com,15,2,alexis,6,1,0,0,0,1,92,2,32,medium
paul.simmons1761@gmail.com,gmail,com,16,2,paul,4,1,0,0,0,1,1761,4,-1,unsure
ryan.watson01@hotmail.com,hotmail,com,13,2,ryan,4,1,0,0,0,1,1,2,23,young
margaret.anderson@hotmail.com,hotmail,com,17,2,margaret,8,1,0,0,0,0,-1,0,-1,unsure
Bonnie5@gmail.com,gmail,com,7,1,bonnie,6,0,0,0,1,1,5,1,-1,unsure
jessica1997_evans@gmail.com,gmail,com,17,2,jessica,7,0,1,0,0,1,1997,4,27,young
nathan.martin04@gmail.com,gmail,com,15,2,nathan,6,1,0,0,0,1,4,2,20,young
charles.davis1776@gmail.com,gmail,com,17,2,charles,7,1,0,0,0,1,1776,4,-1,unsure
john_1987doe@gmail.com,gmail,com,12,2,john,4,0,1,0,0,1,1987,4,37,medium
matthew.adams85@icloud.com,icloud,com,15,2,matthew,7,1,0,0,0,1,85,2,39,medium
william.wright@outlook.com,outlook,com,14,2,william,7,1,0,0,0,0,-1,0,-1,unsure
Torrey19@mail.com,mail,com,8,1,torrey,6,0,0,0,1,1,19,2,-1,unsure
Al10@protonmail.com,protonmail,com,4,1,al,2,0,0,0,1,1,10,2,-1,unsure
laura_1992.brown@company.co.uk,company.co,uk,16,2,laura,5,1,1,0,0,1,1992,4,32,medium
samuel.evans1730@gmail.com,gmail,com,16,2,samuel,6,1,0,0,0,1,1730,4,-1,unsure
Madalyn_Schroeder66@outlook.com,outlook,com,19,2,madalyn,7,0,1,0,1,1,66,2,58,old
daniel.phillips@hotmail.com,hotmail,com,15,2,daniel,6,1,0,0,0,0,-1,0,-1,unsure
Evan93@yahoo.com,yahoo,com,6,1,evan,4,0,0,0,1,1,93,2,31,medium
Kadin.Kutch@aol.com,aol,com,11,2,kadin,5,1,0,0,1,0,-1,0,-1,unsure
Claud_Boyle81@aol.com,aol,com,13,2,claud,5,0,1,0,1,1,81,2,43,medium
Wanda74@outlook.com,outlook,com,7,1,wanda,5,0,0,0,1,1,74,2,50,old
anna.hall87@yahoo.com,yahoo,com,11,2,anna,4,1,0,0,0,1,87,2,37,medium
paul.davis@yahoo.com,yahoo,com,10,2,paul,4,1,0,0,0,0,-1,0,-1,unsure
john.anderson@protonmail.com,protonmail,com,13,2,john,4,1,0,0,0,0,-1,0,-1,unsure
Rosario_Jaskolski94@protonmail.com,protonmail,com,19,2,rosario,7,0,1,0,1,1,94,2,30,medium
kevin.sanders89@gmail.com,gmail,com,15,2,kevin,5,1,0,0,0,1,89,2,35,medium
Gerald.Carroll68@mail.com,mail,com,16,2,gerald,6,1,0,0,1,1,68,2,56,old
jason.brown85@gmail.com,gmail,com,13,2,jason,5,1,0,0,0,1,85,2,39,medium
nicholas_phillips1982@gmail.com,gmail,com,21,2,nicholas,8,0,1,0,0,1,1982,4,42,medium
Antwon.Harvey@protonmail.com,protonmail,com,13,2,antwon,6,1,0,0,1,0,-1,0,-1,unsure
tom_clark.6543@mail.service.com,mail.service,com,14,2,tom,3,1,1,0,0,1,6543,4,-1,unsure
anna65_burn@hotmail.com,hotmail,com,11,2,anna,4,0,1,0,0,1,65,2,59,old
Arnold12@tutanota.com,tutanota,com,8,1,arnold,6,0,0,0,1,1,12,2,-1,unsure
michael_davis1988@gmail.com,gmail,com,17,2,michael,7,0,1,0,0,1,1988,4,36,medium
victoria1998_carter@yahoo.com,yahoo,com,19,2,victoria,8,0,1,0,0,1,1998,4,26,young
emma.watson1821@gmail.com,gmail,com,15,2,emma,4,1,0,0,0,1,1821,4,-1,unsure
jasmine_ross2004@gmail.com,gmail,com,16,2,jasmine,7,0,1,0,0,1,2004,4,20,young
james.clark@yahoo.com,yahoo,com,11,2,james,5,1,0,0,0,0,-1,0,-1,unsure
1994_kathy_jones@icloud.com,icloud,com,16,2,kathy,5,0,1,0,0,1,1994,4,30,medium
ethan27_heat@yahoo.com,yahoo,com,12,2,ethan,5,0,1,0,0,1,27,2,97,old
Eldora_Simonis@tutanota.com,tutanota,com,14,2,eldora,6,0,1,0,1,0,-1,0,-1,unsure
catherine.davis@gmail.com,gmail,com,15,2,catherine,9,1,0,0,0,0,-1,0,-1,unsure
mason74_fire@hotmail.com,hotmail,com,12,2,mason,5,0,1,0,0,1,74,2,50,old
david2005_king@hotmail.com,hotmail,com,14,2,david,5,0,1,0,0,1,2005,4,19,young
Christina23@protonmail.com,protonmail,com,11,1,christina,9,0,0,0,1,1,23,2,-1,unsure
emily_jones1992@gmail.com,gmail,com,15,2,emily,5,0,1,0,0,1,1992,4,32,medium
chris.lee69@hotmail.com,hotmail,com,11,2,chris,5,1,0,0,0,1,69,2,55,old
Verlie53@gmail.com,gmail,com,8,1,verlie,6,0,0,0,1,1,53,2,71,old
Kurt72@yahoo.com,yahoo,com,6,1,kurt,4,0,0,0,1,1,72,2,52,old
abigail_powell3456@yahoo.com,yahoo,com,18,2,abigail,7,0,1,0,0,1,3456,4,-1,unsure
luke2003@protonmail.com,protonmail,com,8,1,luke,4,0,0,0,0,1,2003,4,21,young
ryan_williams2001@gmail.com,gmail,com,17,2,ryan,4,0,1,0,0,1,2001,4,23,young
william.moore@icloud.com,icloud,com,13,2,william,7,1,0,0,0,0,-1,0,-1,unsure
margaret.davis@outlook.com,outlook,com,14,2,margaret,8,1,0,0,0,0,-1,0,-1,unsure
Dillan52@icloud.com,icloud,com,8,1,dillan,6,0,0,0,1,1,52,2,72,old
Lauren.Waelchi41@gmail.com,gmail,com,16,2,lauren,6,1,0,0,1,1,41,2,83,old
Tanya.Watsica@gmail.com,gmail,com,13,2,tanya,5,1,0,0,1,0,-1,0,-1,unsure
anna2004_jones@hotmail.com,hotmail,com,14,2,anna,4,0,1,0,0,1,2004,4,20,young
jacob1986_baker@gmail.com,gmail,com,15,2,jacob,5,0,1,0,0,1,1986,4,38,medium
amanda1989_roberts@hotmail.com,hotmail,com,18,2,amanda,6,0,1,0,0,1,1989,4,35,medium
william.morris@icloud.com,icloud,com,14,2,william,7,1,0,0,0,0,-1,0,-1,unsure
emma_adams2000@gmail.com,gmail,com,14,2,emma,4,0,1,0,0,1,2000,4,24,young
charles.wilson@aol.com,aol,com,14,2,charles,7,1,0,0,0,0,-1,0,-1,unsure
Rhoda67@gmail.com,gmail,com,7,1,rhoda,5,0,0,0,1,1,67,2,57,old
Hollis96@gmail.com,gmail,com,8,1,hollis,6,0,0,0,1,1,96,2,28,young
Alvah.Carter@tutanota.com,tutanota,com,12,2,alvah,5,1,0,0,1,0,-1,0,-1,unsure
hannah.baker@yahoo.com,yahoo,com,12,2,hannah,6,1,0,0,0,0,-1,0,-1,unsure
Jackson.Kuhic41@protonmail.com,protonmail,com,15,2,jackson,7,1,0,0,1,1,41,2,83,old
lucas7812@outlook.com,outlook,com,9,1,lucas,5,0,0,0,0,1,7812,4,-1,unsure
dylan.richards83@gmail.com,gmail,com,16,2,dylan,5,1,0,0,0,1,83,2,41,medium
abigail.powell56@yahoo.com,yahoo,com,16,2,abigail,7,1,0,0,0,1,56,2,68,old
Delilah_Bernier-Wintheiser@yahoo.com,yahoo,com,26,3,delilah,7,0,1,1,1,0,-1,0,-1,unsure
Aida.Hermiston@outlook.com,outlook,com,14,2,aida,4,1,0,0,1,0,-1,0,-1,unsure
hailey_bryant1983@gmail.com,gmail,com,17,2,hailey,6,0,1,0,0,1,1983,4,41,medium
Alphonso.Schowalter51@gmail.com,gmail,com,21,2,alphonso,8,1,0,0,1,1,51,2,73,old
adam_price1987@gmail.com,gmail,com,14,2,adam,4,0,1,0,0,1,1987,4,37,medium
l.green2001@protonmail.com,protonmail,com,11,2,l,1,1,0,0,0,1,2001,4,23,young
Willis17@gmail.com,gmail,com,8,1,willis,6,0,0,0,1,1,17,2,-1,unsure
Alexane45@aol.com,aol,com,9,1,alexane,7,0,0,0,1,1,45,2,79,old
Jermain_Dach61@gmail.com,gmail,com,14,2,jermain,7,0,1,0,1,1,61,2,63,old
Dorris.Lueilwitz@tutanota.com,tutanota,com,16,2,dorris,6,1,0,0,1,0,-1,0,-1,unsure
Hassan.OReilly23@outlook.com,outlook,com,16,2,hassan,6,1,0,0,1,1,23,2,-1,unsure
alexis1993_cooper@gmail.com,gmail,com,17,2,alexis,6,0,1,0,0,1,1993,4,31,medium
Soledad_Daniel75@gmail.com,gmail,com,16,2,soledad,7,0,1,0,1,1,75,2,49,medium
dorothy.phillips1784@gmail.com,gmail,com,20,2,dorothy,7,1,0,0,0,1,1784,4,-1,unsure
betty_1994hill@icloud.com,icloud,com,14,2,betty,5,0,1,0,0,1,1994,4,30,medium
anna.harris1829@gmail.com,gmail,com,15,2,anna,4,1,0,0,0,1,1829,4,-1,unsure
emma.jones@gmail.com,gmail,com,10,2,emma,4,1,0,0,0,0,-1,0,-1,unsure
5432_tina_jones@icloud.com,icloud,com,15,2,tina,4,0,1,0,0,1,5432,4,-1,unsure
Fae71@tutanota.com,tutanota,com,5,1,fae,3,0,0,0,1,1,71,2,53,old
margaret.harris@outlook.com,outlook,com,15,2,margaret,8,1,0,0,0,0,-1,0,-1,unsure
mason9904@icloud.com,icloud,com,9,1,mason,5,0,0,0,0,1,9904,4,-1,unsure
james.wilson1805@gmail.com,gmail,com,16,2,james,5,1,0,0,0,1,1805,4,-1,unsure
Delilah_Bernier-Wintheiser@yahoo.com,yahoo,com,26,3,delilah,7,0,1,1,1,0,-1,0,-1,unsure
alice.evans@icloud.com,icloud,com,11,2,alice,5,1,0,0,0,0,-1,0,-1,unsure
george.green@hotmail.com,hotmail,com,12,2,george,6,1,0,0,0,0,-1,0,-1,unsure
olivia_johnson1991@gmail.com,gmail,com,18,2,olivia,6,0,1,0,0,1,1991,4,33,medium
Percy92@protonmail.com,protonmail,com,7,1,percy,5,0,0,0,1,1,92,2,32,medium
lee_michael1989@yahoo.com,yahoo,com,15,2,lee,3,0,1,0,0,1,1989,4,35,medium
charles.davis@aol.com,aol,com,13,2,charles,7,1,0,0,0,0,-1,0,-1,unsure
Jayson.Kohler@tutanota.com,tutanota,com,13,2,jayson,6,1,0,0,1,0,-1,0,-1,unsure
Arlene.Kuphal@protonmail.com,protonmail,com,13,2,arlene,6,1,0,0,1,0,-1,0,-1,unsure
chris.roberts96@gmail.com,gmail,com,15,2,chris,5,1,0,0,0,1,96,2,28,young
claire.harris87@outlook.com,outlook,com,15,2,claire,6,1,0,0,0,1,87,2,37,medium
anna_hall1987@yahoo.com,yahoo,com,13,2,anna,4,0,1,0,0,1,1987,4,37,medium
logan95_flicker@outlook.com,outlook,com,15,2,logan,5,0,1,0,0,1,95,2,29,young
susan.jackson1768@gmail.com,gmail,com,17,2,susan,5,1,0,0,0,1,1768,4,-1,unsure
mary.moore1657@gmail.com,gmail,com,14,2,mary,4,1,0,0,0,1,1657,4,-1,unsure
catherine.lewis1815@gmail.com,gmail,com,19,2,catherine,9,1,0,0,0,1,1815,4,-1,unsure
kelly1997@yahoo.com,yahoo,com,9,1,kelly,5,0,0,0,0,1,1997,4,27,young
johnson.michael90@yahoo.com,yahoo,com,17,2,johnson,7,1,0,0,0,1,90,2,34,medium
Annabell20@tutanota.com,tutanota,com,10,1,annabell,8,0,0,0,1,1,20,2,-1,unsure
daniel.scott80@outlook.com,outlook,com,14,2,daniel,6,1,0,0,0,1,80,2,44,medium
Breanne74@gmail.com,gmail,com,9,1,breanne,7,0,0,0,1,1,74,2,50,old
Herminia.Brekke@gmail.com,gmail,com,15,2,herminia,8,1,0,0,1,0,-1,0,-1,unsure
william1988.smith@outlook.com,outlook,com,17,2,william,7,1,0,0,0,1,1988,4,36,medium
Nikolas54@outlook.com,outlook,com,9,1,nikolas,7,0,0,0,1,1,54,2,70,old
samantha_miller1996@gmail.com,gmail,com,19,2,samantha,8,0,1,0,0,1,1996,4,28,young
sophia.anderson@protonmail.com,protonmail,com,15,2,sophia,6,1,0,0,0,0,-1,0,-1,unsure
Harvey.Ullrich@tutanota.com,tutanota,com,14,2,harvey,6,1,0,0,1,0,-1,0,-1,unsure
hannah.phillips@hotmail.com,hotmail,com,15,2,hannah,6,1,0,0,0,0,-1,0,-1,unsure
Amber.Bogisich21@gmail.com,gmail,com,16,2,amber,5,1,0,0,1,1,21,2,-1,unsure
jessica_evans2004@gmail.com,gmail,com,17,2,jessica,7,0,1,0,0,1,2004,4,20,young
Destini63@tutanota.com,tutanota,com,9,1,destini,7,0,0,0,1,1,63,2,61,old
james.lewis@protonmail.com,protonmail,com,11,2,james,5,1,0,0,0,0,-1,0,-1,unsure
samantha14_gleam@icloud.com,icloud,com,16,2,samantha,8,0,1,0,0,1,14,2,-1,unsure
Dario.Hilpert@gmail.com,gmail,com,13,2,dario,5,1,0,0,1,0,-1,0,-1,unsure
mary.bell@icloud.com,icloud,com,9,2,mary,4,1,0,0,0,0,-1,0,-1,unsure
Carolina.Hoppe80@gmail.com,gmail,com,16,2,carolina,8,1,0,0,1,1,80,2,44,medium
tyler_long1993@gmail.com,gmail,com,14,2,tyler,5,0,1,0,0,1,1993,4,31,medium
andrew.adams1790@gmail.com,gmail,com,16,2,andrew,6,1,0,0,0,1,1790,4,-1,unsure
britney2002@icloud.com,icloud,com,11,1,britney,7,0,0,0,0,1,2002,4,22,young
Sierra43@outlook.com,outlook,com,8,1,sierra,6,0,0,0,1,1,43,2,81,old
hannah.thomas@outlook.com,outlook,com,13,2,hannah,6,1,0,0,0,0,-1,0,-1,unsure
john.smith1750@gmail.com,gmail,com,14,2,john,4,1,0,0,0,1,1750,4,-1,unsure
peter.morgan1669@gmail.com,gmail,com,16,2,peter,5,1,0,0,0,1,1669,4,-1,unsure
charles.green@hotmail.com,hotmail,com,13,2,charles,7,1,0,0,0,0,-1,0,-1,unsure
isaac.hughes1658@gmail.com,gmail,com,16,2,isaac,5,1,0,0,0,1,1658,4,-1,unsure
robert.turner54@protonmail.com,protonmail,com,15,2,robert,6,1,0,0,0,1,54,2,70,old
Matt_Lesch87@aol.com,aol,com,12,2,matt,4,0,1,0,1,1,87,2,37,medium
andrew97_flame@gmail.com,gmail,com,14,2,andrew,6,0,1,0,0,1,97,2,27,young
Odie.Greenholt69@aol.com,aol,com,16,2,odie,4,1,0,0,1,1,69,2,55,old
patricia.bailey@yahoo.com,yahoo,com,15,2,patricia,8,1,0,0,0,0,-1,0,-1,unsure
zoe.bryant19@aol.com,aol,com,12,2,zoe,3,1,0,0,0,1,19,2,-1,unsure
ethan.white02@protonmail.com,protonmail,com,13,2,ethan,5,1,0,0,0,1,2,2,22,young
michael.adams@gmail.com,gmail,com,13,2,michael,7,1,0,0,0,0,-1,0,-1,unsure
Hertha_VonRueden@aol.com,aol,com,16,2,hertha,6,0,1,0,1,0,-1,0,-1,unsure
ryan_cooper2001@gmail.com,gmail,com,15,2,ryan,4,0,1,0,0,1,2001,4,23,young
simon.adams@gmail.com,gmail,com,11,2,simon,5,1,0,0,0,0,-1,0,-1,unsure
Mathilde2@gmail.com,gmail,com,9,1,mathilde,8,0,0,0,1,1,2,1,-1,unsure
jason.lee77@yahoo.com,yahoo,com,11,2,jason,5,1,0,0,0,1,77,2,47,medium
Jedidiah_Glover9@gmail.com,gmail,com,16,2,jedidiah,8,0,1,0,1,1,9,1,-1,unsure
nathan.brown@icloud.com,icloud,com,12,2,nathan,6,1,0,0,0,0,-1,0,-1,unsure
madison.butler89@outlook.com,outlook,com,16,2,madison,7,1,0,0,0,1,89,2,35,medium
Roel37@yahoo.com,yahoo,com,6,1,roel,4,0,0,0,1,1,37,2,87,old
Marianna_Pfeffer@gmail.com,gmail,com,16,2,marianna,8,0,1,0,1,0,-1,0,-1,unsure
Soledad_Rau76@protonmail.com,protonmail,com,13,2,soledad,7,0,1,0,1,1,76,2,48,medium
Chanelle71@outlook.com,outlook,com,10,1,chanelle,8,0,0,0,1,1,71,2,53,old
lily.thompson57@aol.com,aol,com,15,2,lily,4,1,0,0,0,1,57,2,67,old
kevin_brooks1997@gmail.com,gmail,com,16,2,kevin,5,0,1,0,0,1,1997,4,27,young
Reymundo.Bayer93@aol.com,aol,com,16,2,reymundo,8,1,0,0,1,1,93,2,31,medium
Alfonzo_Hermiston72@yahoo.com,yahoo,com,19,2,alfonzo,7,0,1,0,1,1,72,2,52,old
mia_smith7890@gmail.com,gmail,com,13,2,mia,3,0,1,0,0,1,7890,4,-1,unsure
zoe27_flame@aol.com,aol,com,11,2,zoe,3,0,1,0,0,1,27,2,97,old
dylan_richards1983@gmail.com,gmail,com,18,2,dylan,5,0,1,0,0,1,1983,4,41,medium
Aiden81@gmail.com,gmail,com,7,1,aiden,5,0,0,0,1,1,81,2,43,medium
hailey.sanders67@gmail.com,gmail,com,16,2,hailey,6,1,0,0,0,1,67,2,57,old
chris92_shine@gmail.com,gmail,com,13,2,chris,5,0,1,0,0,1,92,2,32,medium
michael1998@hotmail.com,hotmail,com,11,1,michael,7,0,0,0,0,1,1998,4,26,young
Bobbie_Bins@yahoo.com,yahoo,com,11,2,bobbie,6,0,1,0,1,0,-1,0,-1,unsure
Beatrice.Block@tutanota.com,tutanota,com,14,2,beatrice,8,1,0,0,1,0,-1,0,-1,unsure
robert_turner87654@protonmail.com,protonmail,com,18,2,robert,6,0,1,0,0,1,87654,5,-1,unsure
Romaine79@outlook.com,outlook,com,9,1,romaine,7,0,0,0,1,1,79,2,45,medium
sophia.roberts@protonmail.com,protonmail,com,14,2,sophia,6,1,0,0,0,0,-1,0,-1,unsure
Thea65@yahoo.com,yahoo,com,6,1,thea,4,0,0,0,1,1,65,2,59,old
david.king1810@gmail.com,gmail,com,14,2,david,5,1,0,0,0,1,1810,4,-1,unsure
Vidal_Wintheiser@gmail.com,gmail,com,16,2,vidal,5,0,1,0,1,0,-1,0,-1,unsure
Korey39@icloud.com,icloud,com,7,1,korey,5,0,0,0,1,1,39,2,85,old
Sierra43@outlook.com,outlook,com,8,1,sierra,6,0,0,0,1,1,43,2,81,old
charles.mitchell@icloud.com,icloud,com,16,2,charles,7,1,0,0,0,0,-1,0,-1,unsure
amanda.williams56@icloud.com,icloud,com,17,2,amanda,6,1,0,0,0,1,56,2,68,old
Guadalupe_Schiller-Renner79@gmail.com,gmail,com,27,3,guadalupe,9,0,1,1,1,1,79,2,45,medium
ava_6657@aol.com,aol,com,8,1,ava,3,0,1,0,0,1,6657,4,-1,unsure
Daphney91@gmail.com,gmail,com,9,1,daphney,7,0,0,0,1,1,91,2,33,medium
Ross5@gmail.com,gmail,com,5,1,ross,4,0,0,0,1,1,5,1,-1,unsure
henry.jackson@yahoo.com,yahoo,com,13,2,henry,5,1,0,0,0,0,-1,0,-1,unsure
Earl72@aol.com,aol,com,6,1,earl,4,0,0,0,1,1,72,2,52,old
tyler1995_hayes@gmail.com,gmail,com,15,2,tyler,5,0,1,0,0,1,1995,4,29,young
Darrion.Corkery@gmail.com,gmail,com,15,2,darrion,7,1,0,0,1,0,-1,0,-1,unsure
Lyla.Frami20@yahoo.com,yahoo,com,12,2,lyla,4,1,0,0,1,1,20,2,-1,unsure
Greg_Friesen@yahoo.com,yahoo,com,12,2,greg,4,0,1,0,1,0,-1,0,-1,unsure
joshua_bell2000@gmail.com,gmail,com,15,2,joshua,6,0,1,0,0,1,2000,4,24,young
Ruthe.Toy@tutanota.com,tutanota,com,9,2,ruthe,5,1,0,0,1,0,-1,0,-1,unsure
martha.wright@yahoo.com,yahoo,com,13,2,martha,6,1,0,0,0,0,-1,0,-1,unsure
daniel.cook1817@gmail.com,gmail,com,15,2,daniel,6,1,0,0,0,1,1817,4,-1,unsure
Giovani_Bechtelar@gmail.com,gmail,com,17,2,giovani,7,0,1,0,1,0,-1,0,-1,unsure
madeline25_spark@aol.com,aol,com,16,2,madeline,8,0,1,0,0,1,25,2,99,old
grace.hughes@hotmail.com,hotmail,com,12,2,grace,5,1,0,0,0,0,-1,0,-1,unsure
grace92_anderson@protonmail.com,protonmail,com,16,2,grace,5,0,1,0,0,1,92,2,32,medium
Marshall_Upton32@mail.com,mail,com,16,2,marshall,8,0,1,0,1,1,32,2,92,old
caleb1996_phillips@icloud.com,icloud,com,18,2,caleb,5,0,1,0,0,1,1996,4,28,young
Floyd_Lueilwitz@tutanota.com,tutanota,com,15,2,floyd,5,0,1,0,1,0,-1,0,-1,unsure
